Name,Address,Telephone number
PHARMACIE DE LA PEROUSE,"37RUELAPEROUSE75116PARIS",0145006066
PHARMACIE SPINHIRNY,"28AVENUERAYMONDPOINCARE75116PARIS",0147273598
PHARMACIE GARCIA RIQUELME,"66RUEDELAPOMPE75116PARIS",0145047346
PHARMACIE MOREAU Paris,"5PLACEDEMEXICO75116PARIS",0147278195
PHARMACIE DE LA FAISANDERIE,"63RUEDELAFAISANDERIE75116PARIS",0147273676
PHARMACIE DU DRUGSTORE Paris Cedex 08,"133AVENUEDESCHAMPSELYSEES75380PARISCEDEX08",0147203925
PHARMACIE SEGUIN Paris,"141RUEDELATOUR75116PARIS",0145043233
PHARMACIE DE CHAILLOT,"19RUEBENJAMINFRANKLIN75116PARIS",0145240140
GRANDE PHARMACIE DOUMER PASSY,"83AVENUEPAULDOUMER75116PARIS",0145252054
PHARMACIE LENGRONNE,"99RUELAURISTON75116PARIS",0147278094
GRANDE PHARMACIE DURET,"29RUEDURET75116PARIS",0145001020
PHARMACIE DUFRENOY Paris,"16BISRUEDUFRENOY75116PARIS",0145046987
PHARMACIE MALAKOFF,"138140AVENUEDEMALAKOFF75116PARIS",0140671928
PHARMACIE MARCEAU Paris,"7AVENUEMARCEAU75116PARIS",0147208352
PHARMACIE DEMEOCQ,"106AVENUEKLEBER75116PARIS",0147278460
PHARMACIE DU DOME Paris,"206BOULEVARDRASPAIL75116PARIS",0143206473
PHARMACIE HOMEOPATHIQUE CENTRALE,"126RUEDELAPOMPE75116PARIS",0147279908
PHARMACIE GALILEE,"37RUEGALILEE75116PARIS",0147204969
PHARMACIE DE L'ETOILE Paris,"9AVENUEDELAGRANDEARMEE75116PARIS",0145001090
PHARMACIE GALLIERA,"8AVENUEPIERRE1ERDESERBIE75116PARIS",0147208528
PHARMACIE MAYOLY FORUM SANTE,"1PLACEVICTORHUGO75116PARIS",0145007196
PHARMACIE GALERIE SAINT DIDIER,"3741RUESAINTDIDIER75116PARIS",0147271472
PHARMACIE COUCHOT,"72AVENUEKLEBER75116PARIS",0147279751
PHARMACIE ALBOU,"27BOULEVARDJULESSANDEAU75116PARIS",0145041489
PHARMACIE LAMARTINE Paris,"132AVENUEVICTORHUGO75116PARIS",0147278785
PHARMACIE ANGLO AMERICAINE Paris,"37AVENUEMARCEAU75116PARIS",0147205737
PHARMACIE KLEBER Paris,"91AVENUEKLEBER75116PARIS",0147279509
PHARMACIE ZAHLER,"18AVENUEBUGEAUD75116PARIS",0147275477
PHARMACIE DJOLOLIAN,"55AVENUEMARCEAU75116PARIS",0147205426
PHARMACIE CAVANNA Paris,"6AVENUEVICTORHUGO75116PARIS",0145009254
PHARMACIE VICTOR HUGO Paris,"156AVENUEVICTORHUGO75116PARIS",0147276814
PHARMACIE PLACE DE MEXICO,"9PLACEDEMEXICO75116PARIS",0147279228
PHARMACIE DE LUBECK,"31RUEDELUBECK75116PARIS",0147279714
PHARMACIE UZAN,"147AVENUEGAMBETTA75020PARIS",0140312336
PHARMACIE GERBAUD,"38RUEDUCAPITAINEFERBER75020PARIS",0140305283
PHARMACIE 43,"43RUEDESMARONITES75020PARIS",0146366654
PHARMACIE ALEXANDRE DUMAS,"6RUEDEBAGNOLET75020PARIS",0143702428
GRANDE PHARMACIE DES PYRENEES,"243BISRUEDESPYRENEES75020PARIS",0146368601
PHARMACIE BOISSIERE,"4345AVENUEKLEBER75116PARIS",0147278368
PHARMACIE DE LA GRANDE ARMEE Paris,"63AVENUEDELAGRANDEARMEE75116PARIS",0145005634
PHARMACIE DU DOME Paris,"33RUELAURISTON75116PARIS",0147271486
PHARMACIE DES BELLES FEUILLES,"118BISAVENUEVICTORHUGO75116PARIS",0147278849
PHARMACIE DU HAUT MESNIL,"134RUEDEMENILMONTANT75020PARIS",0146368378
PHARMACIE CROIX SAINT SIMON,"132RUEDAVRON75020PARIS",0143734778
PHARMACIE TAIEB ASSOUS,"18RUEDEMENILMONTANT75020PARIS",0146366395
PHARMACIE MARTIN Paris,"11PLACEAUGUSTEMETIVIER75020PARIS",0146369217
PHIE PRINCIPALE DE MENILMONTANT,"51RUEDEMENILMONTANT75020PARIS",0146366883
PHARMACIE PRINCIPALE Paris,"60AVENUEGAMBETTA75020PARIS",0143619791
PHARMACIE KOURY,"1RUEDESPYRENEES75020PARIS",0143723243
PHARMACIE MONTE CHRISTO,"30RUEDEBAGNOLET75020PARIS",0143703224
PHARMACIE GOLDSTEIN,"25RUEPELLEPORT75020PARIS",0140317567
PHARMACIE BELGRAND TENON,"15RUEBELGRAND75020PARIS",0140316633
PHARMACIE BELLAICHE,"55RUEDEMENILMONTANT75020PARIS",0146367495
PHARMACIE VU DO,"96BOULEVARDDAVOUT75020PARIS",0143710743
PHARMACIE DE LA PORTE DES LILAS,"168BOULEVARDMORTIER75020PARIS",0143647998
PHARMACIE MALJETTE TOPI,"7COURSDEVINCENNES75020PARIS",0143730810
PHARMACIE DU METRO PYRENEES,"401RUEDESPYRENEES75020PARIS",0146366100
PHARMACIE COILLIAUX,"42RUESORBIER75020PARIS",0146364106
PHARMACIE DE LA REUNION,"62RUEDELAREUNION75020PARIS",0143704834
PHARMACIE RAULOT,"86RUEDELAREUNION75020PARIS",0143700465
PHARMACIE DE LA MARE,"71RUEDELAMARE75020PARIS",0146368806
PHARMACIE GACHA,"361RUEDESPYRENEES75020PARIS",0146365910
PHARMACIE ELBAZ NAKACHE,"47RUEBELGRAND75020PARIS",0140317887
PHARMACIE MASLIAH,"299RUEDESPYRENEES75020PARIS",0146364055
PHARMACIE SAINT BLAISE Paris,"1RUESTENDHAL75020PARIS",0143714399
GRANDE PHARMACIE DU XXEME,"3840BOULEVARDDECHARONNE75020PARIS",0143702626
PHARMACIE ILLOUZ Paris,"2830RUERIQUET75020PARIS",0140346854
PHARMACIE DU XXEME,"244BOULEVARDDEMENILMONTANT75020PARIS",0147973348
PHARMACIE LENG,"44RUEDEBELLEVILLE75020PARIS",0146365963
PHARMACIE PORTE DE BAGNOLET,"6PLACEDELAPORTEDEBAGNOLET75020PARIS",0143614309
PHARMACIE MENILMONTANT,"46BOULEVARDDEMENILMONTANT75020PARIS",0147973862
PHARMACIE ILLOUZ Paris,"20RUEDAVRON75020PARIS",0143730609
PHARMACIE MAMANE BENOUDIZ,"127RUEDESPYRENEES75020PARIS",0143701859
PHARMACIE PLACE GAMBETTA Paris,"24PLACEGAMBETTA75020PARIS",0147975075
PHARMACIE DU SQUARE Paris,"7SQUAREDESCARDEURS75020PARIS",0143482975
PHARMACIE CONSEIL DE BELLEVILLE,"100RUEDEBELLEVILLE75020PARIS",0146367869
GRANDE PHARMACIE D AVRON,"43RUEDAVRON75020PARIS",0143732351
PHARMACIE ATTUIL,"85RUEDEMENILMONTANT75020PARIS",0146366051
PHARMACIE SAINT FARGEAU,"112AVENUEGAMBETTA75020PARIS",0140316015
PHARMACIE DE BELLEVILLE,"51RUEDETOURTILLE75020PARIS",0146364631
PHARMACIE HOUDARD,"76BOULEVARDMORTIER75020PARIS",0140317545
PHARMACIE CANARD VOLLAND,"1113RUESAINTFARGEAU75020PARIS",0140319741
PHARMACIE JAPKOWICZ,"121AVENUEGAMBETTA75020PARIS",0140316280
PHARMACIE DE CHARONNE,"114BOULEVARDDECHARONNE75020PARIS",0143702474
PHARMACIE TANG,"82RUEDEBELLEVILLE75020PARIS",0146366904
PHARMACIE DE L ESTEREL Paris,"4BOULEVARDDAVOUT75020PARIS",0143724665
PHARMACIE DES MARAICHERS Paris,"66RUEDESPYRENEES75020PARIS",0143707754
PHARMACIE DE LA PORTE DE MONTREUIL,"2AVDELAPORTEDEMONTREUIL75020PARIS",0143738104
PHARMACIE GARCIA Paris,"95RUEDEBAGNOLET75020PARIS",0143705215
GRANDE PHARMACIE DE BELLEVILLE,"86BOULEVARDDEBELLEVILLE75020PARIS",0147973183
PHARMACIE DES PYRENEES 234,"234RUEDESPYRENEES75020PARIS",0146368708
PHARMACIE DU GAGNE PETIT,"6RUEDEBELLEVILLE75020PARIS",0146366742
PHARMACIE DE LA FELICITE,"80RUEJULIENLACROIX75020PARIS",0146368919
PHARMACIE GROSICKI,"25RUEFREDERICKLEMAITRE75020PARIS",0143660478
PHARMACIE WOLFF Paris,"61RUESAINTBLAISE75020PARIS",0143670714
GRANDE PHARMACIE MORTIER,"48BOULEVARDMORTIER75020PARIS",0140317718
PHARMACIE DES ECOLES Paris,"99AVENUESIMONBOLIVAR75019PARIS",0140400570
PHARMACIE PARIENTE,"52AVENUEJEANJAURES75019PARIS",0142399377
PHARMACIE REBEVAL,"50RUEREBEVAL75019PARIS",0142086149
PHARMACIE CHAUMONT,"2AVENUEDELAPORTECHAUMONT75019PARIS",0142084106
PHARMACIE KERHERVE,"1BOULEVARDDINDOCHINE75019PARIS",0142088792
PHARMACIE DE LA MAIRIE Paris,"128AVENUEDAUMESNIL75019PARIS",0143074342
PHARMACIE PYRENEES JOURDAIN,"336RUEDESPYRENEES75020PARIS",0146366734
PHARMACIE ROGERAT,"56RUEDAVRON75020PARIS",0143732606
PHARMACIE DELARBRE,"100RUEDAVRON75020PARIS",0143720859
PHARMACIE DE LA MAIRIE Paris,"82RUEDELAPOMPE75019PARIS",0145047366
PHARMACIE WIZMAN,"7AVENUEJEANJAURES75019PARIS",0142080855
PHARMACIE HASSAN Paris,"7RUECURIAL75019PARIS",0140354284
PHARMACIE DES DEUX RUES,"100AVENUEJEANJAURES75019PARIS",0142085679
PHARMACIE NDONGO TENGA,"2224RUEDAUBERVILLIERS75019PARIS",0146076333
PHARMACIE DE LA MAIRIE Paris,"27RUEDESBATIGNOLLES75019PARIS",0145225278
PHARMACIE SAINT GERVAIS Paris,"1RUEALPHONSEAULARD75019PARIS",0142086195
PHARMACIE BOKOBZA,"106RUEPETIT75019PARIS",0142014685
PHARMACIE PLACE DES FETES,"1014RUEAUGUSTINTHIERRY75019PARIS",0142398767
PHARMACIE ROBERT Paris,"44BISRUEDEMEAUX75019PARIS",0142087303
PHARMACIE DE LA MAIRIE Paris,"1RUEARMANDCARREL75019PARIS",0142497169
PHARMACIE ROBERT Paris,"26BOULEVARDNEY75019PARIS",0140362070
PHARMACIE LE NGOC,"234RUEDECRIMEE75019PARIS",0140347308
PHARMACIE NOMBER,"137RUEDEBELLEVILLE75019PARIS",0142087006
PHARMACIE DE LA MAIRIE Paris,"27RUEBREZIN75019PARIS",0145407690
PHARMACIE DES ECOLES Paris,"10RUEDALESIA75019PARIS",0143277514
PHARMACIE WIZMAN,"7AVENUEJEANJAURES75019PARIS",0142080855
PHARMACIE ROIZEN,"19AVENUESECRETAN75019PARIS",0142451993
PHARMACIE BOTZARIS,"72RUEBOTZARIS75019PARIS",0142452995
PHARMACIE DU VILLAGE Paris,"26RUEDUTEMPLE75019PARIS",0142726071
PHARMACIE SITBON Paris,"113AVENUEJEANJAURES75019PARIS",0142082994
PHARMACIE DE L AQUARIUS,"14RUEDETHIONVILLE75019PARIS",0142022009
PHARMACIE DE L OURCQ Paris,"85RUEDELOURCQ75019PARIS",0140354130
PHARMACIE DES ECOLES Paris,"150RUEDELAROQUETTE75019PARIS",0143790595
PHARMACIE MAAREK Paris,"134136BOULEVARDBERTHIER75019PARIS",0143805861
PHARMACIE MAAREK Paris,"43BISAVENUESIMONBOLIVAR75019PARIS",0142084103
PHARMACIE AMA,"2BISRUEARTHURROZIER75019PARIS",0142417453
PHARMACIE ROIZEN,"19AVENUESECRETAN75019PARIS",0142451993
PHARMACIE DE LA PORTE BRUNET,"2AVENUEDELAPORTEBRUNET75019PARIS",0142087509
PHARMACIE DALOY,"1517RUEHENRIRIBIERE75019PARIS",0153386000
PHARMACIE DE FLANDRE Paris,"167AVENUEDEFLANDRE75019PARIS",0140366693
PHARMACIE BUI NGUYEN,"249RUEDEBELLEVILLE75019PARIS",0142084496
PHARMACIE DE LA VILLETTE Paris,"29RUEEUGENEJUMIN75019PARIS",0142086106
PHARMACIE DES BUTTES CHAUMONT,"94AVENUEJEANJAURES75019PARIS",0140400724
PHARMACIE JAURES Paris,"76AVENUEJEANJAURES75019PARIS",0142063164
PHARMACIE CONSEIL BOLIVAR,"38AVENUESIMONBOLIVAR75019PARIS",0142086077
PHARMACIE ZALAY,"34RUEMARXDORMOY75018PARIS",0146072570
PHARMACIE MAAREK Paris,"43BISAVENUESIMONBOLIVAR75019PARIS",0142084103
PHARMACIE NIKOLOF,"24AVENUEMATHURINMOREAU75019PARIS",0142085875
PHARMACIE DARLOT,"112AVENUEJEANJAURES75019PARIS",0142398134
PHARMACIE DE LA GEODE,"118AVENUEDEFLANDRE75019PARIS",0140050704
PHARMACIE COURTAULT,"40AVENUESECRETAN75019PARIS",0142020271
PHARMACIE DU VILLAGE Paris,"145RUEDEBELLEVILLE75019PARIS",0142061412
PHARMACIE MORET Paris,"315RUEDEBELLEVILLE75019PARIS",0142080869
PHARMACIE PRINCIPALE BELLEVILLE,"117RUEDEBELLEVILLE75019PARIS",0142081102
PHARMACIE DU MARCHE Paris,"9AVDELAPORTEDECLIGNANCOURT75018PARIS",0146063923
GRANDE PHARMACIE MARCADET,"141RUEMARCADET75018PARIS",0146065820
PHARMACIE D ORSEL,"23RUEDORSEL75018PARIS",0146063761
PHARMACIE ZALAY,"34RUEMARXDORMOY75018PARIS",0146072570
PHARMACIE LABRELY,"28RUEORDENER75018PARIS",0146065434
PHARMACIE FARSI,"HALLM245247RUEMARCADET75018PARIS",0146274418
PHARMACIE DE LA BUTTE Paris,"43RUECAULAINCOURT75018PARIS",0146065097
PHARMACIE CARETTE Paris,"79RUELAMARCK75018PARIS",0146063333
PHARMACIE DU MARCHE DEJEAN,"23RUEDESUEZ75018PARIS",0146062918
PHARMACIE DE LA PROVIDENCE Paris,"90RUEDESMARTYRS75018PARIS",0146060251
PHARMACIE DU MARCHE Paris,"197AVENUEDEVERSAILLES75018PARIS",0146516408
PHARMACIE DU MARCHE Paris,"4042RUEDETORCY75018PARIS",0146075207
PHARMACIE DU 142,"142BOULEVARDNEY75018PARIS",0146062429
PHARMACIE MARCADET,"65BOULEVARDBARBES75018PARIS",0146069630
PHARMACIE 130,"130RUEORDENER75018PARIS",0146065978
PHARMACIE DES BUTTES MONTMARTRE,"30RUELEPIC75018PARIS",0146068298
PHARMACIE DU BOULEVARD NEY,"1AVDELAPORTEDEMONTMARTRE75018PARIS",0142231787
PHARMACIE DU MARCHE Paris,"51RUEMONTORGUEIL75018PARIS",0142332541
PHIE DES TROIS ARRONDISSEMENTS,"4BOULEVARDDELACHAPELLE75018PARIS",0146079582
PHARMACIE CAYLA Paris,"34RUEDESABBESSES75018PARIS",0146066910
PHARMACIE BANA,"2PLACEPIERREMACORLAN75018PARIS",0140365492
PHARMACIE DU PROGRES Paris,"24BOULEVARDBARBES75018PARIS",0146060758
PHARMACIE CURAIL BAUBY,"25RUEDOUDEAUVILLE75018PARIS",0146061970
PHARMACIE EUROPEENNE Paris,"6PLACEDECLICHY75018PARIS",0148746518
PHARMACIE SEFIANI,"19RUEMARXDORMOY75018PARIS",0146074928
PHARMACIE LES ALIZES,"78AVENUEDESAINTOUEN75018PARIS",0146276196
PHARMACIE 75,"75RUEORDENER75018PARIS",0142518371
PHARMACIE DE LA BUTTE Paris,"43RUECAULAINCOURT75018PARIS",0146065097
PHARMACIE BISMUTH Paris,"5PLACEALBERTKAHN75018PARIS",0146068556
PHARMACIE DE LA PLACE ST PIERRE,"19PLACESAINTPIERRE75018PARIS",0146063347
PHARMACIE CASABIANCA ET GONDARD,"117TERRUEORDENER75018PARIS",0146062354
PHARMACIE DUBOIS Paris,"50RUERAMEY75018PARIS",0146063738
PHARMACIE LAMARCK,"150RUELAMARCK75018PARIS",0146270666
PHARMACIE DU MARCHE Paris,"3PLACECHARLESBERNARD75018PARIS",0146066353
PHARMACIE DAUBIE,"40RUEDESABBESSES75018PARIS",0146062130
PHARMACIE EUROPEENNE Paris,"13RUEDELATREMOILLE75018PARIS",0147233925
PHARMACIE DU MARCHE Paris,"25RUEMARSOULAN75018PARIS",0143437373
PHARMACIE DU MARCHE Paris,"54BOULEVARDORNANO75018PARIS",0146063173
PHARMACIE MYRHA,"67RUEMYRHA75018PARIS",0146068395
PHARMACIE DU BATEAU LAVOIR,"18RUERAVIGNAN75018PARIS",0146063891
PHARMACIE DE L EDEN Paris,"191RUECHAMPIONNET75018PARIS",0146273764
PHARMACIE BISMUTH Paris,"5PLACEALBERTKAHN75018PARIS",0146068556
PHARMACIE DE LA PLACE ST PIERRE,"19PLACESAINTPIERRE75018PARIS",0146063347
PHARMACIE CASABIANCA ET GONDARD,"117TERRUEORDENER75018PARIS",0146062354
PHARMACIE DUBOIS Paris,"50RUERAMEY75018PARIS",0146063738
PHARMACIE DU SIMPLON,"44BOULEVARDORNANO75018PARIS",0146060820
PHARMACIE OURABAH,"10BISAVENUEDESAINTOUEN75018PARIS",0143876936
PHARMACIE DE L HIPPODROME Paris,"15RUECAVALLOTTI75018PARIS",0145223654
PHARMACIE DU MARCHE Paris,"123RUEDESDAMES75018PARIS",0143872295
PHARMACIE SALAUN Paris,"34RUESTEPHENSON75018PARIS",0146066139
PHARMACIE CENTRALE LA CHAPELLE,"5RUEDELACHAPELLE75018PARIS",0146071484
PHARMACIE SAINT PIERRE Paris,"18RUEGEORGESBIZET75018PARIS",0147200381
PHARMACIE MARCHAL GEORGEL,"90AVENUEDESAINTOUEN75018PARIS",0146274725
PHARMACIE LEPIC BLANCHE,"11RUELEPIC75018PARIS",0146060150
PHARMACIE DU CARREFOUR VERSIGNY,"82RUEDUHESME75018PARIS",0146060747
PHARMACIE DU TERTRE,"1RUECORTOT75018PARIS",0146067414
PHARMACIE PIGALLE,"34BOULEVARDDECLICHY75018PARIS",0146063096
PHARMACIE LEMAIRE Paris,"29RUEDECLIGNANCOURT75018PARIS",0146062721
PHARMACIE SAINT PIERRE Paris,"5RUEDECLIGNANCOURT75018PARIS",0146065530
PHARMACIE DUPRE Paris,"39RUEMARXDORMOY75018PARIS",0146076783
PHARMACIE LES GRANDES CARRIERES,"83RUEDAMREMONT75018PARIS",0146066744
LA PHARMACIE Paris,"65RUEMARXDORMOY75018PARIS",0146073649
PHARMACIE RADJA,"63RUEDAMREMONT75018PARIS",0146062014
PHARMACIE DU SQUARE CLIGNANCOURT,"43RUESIMART75018PARIS",0146063866
PHARMACIE DE LA CHAPELLE Paris,"17RUEDELACHAPELLE75018PARIS",0142090639
PHARMACIE DES TROIS FRERES,"20RUEDES3FRERES75018PARIS",0146069304
PHARMACIE BICHAT Paris,"156BOULEVARDNEY75018PARIS",0142649621
PHARMACIE DELABY,"61RUEDESPOISSONNIERS75018PARIS",0146065710
PHARMACIE CENTRALE JULES JOFFRIN,"30RUEHERMEL75018PARIS",0146064918
PHIE DROGUERIE DU CHATEAU ROUGE,"38RUEDECLIGNANCOURT75018PARIS",0146062987
PHARMACIE CHATEL Paris,"18AVENUEDECLICHY75018PARIS",0145221648
PHARMACIE AUBRY Paris,"132RUEDAMREMONT75018PARIS",0146066542
PHARMACIE AIZENMAN SOUSSAN,"18RUESIMART75018PARIS",0142540768
PHARMACIE ESPACE CONSEIL Paris,"64BOULEVARDBARBES75018PARIS",0146060261
PHARMACIE EKODO,"93RUEDELACHAPELLE75018PARIS",0142056045
PHARMACIE PHARMA GREEN,"67RUERIQUET75018PARIS",0146077889
PHARMACIE CASALONGA,"23RUECUSTINE75018PARIS",0146062478
PHARMACIE CENTRALE DE MONTMARTRE,"42AVENUEJUNOT75018PARIS",0146067940
PHARMACIE EUROPEENNE Paris,"16BOULEVARDORNANO75018PARIS",0142571720
PHARMACIE DU MARCHE Paris,"3840BOULEVARDBRUNE75018PARIS",0145399367
PHARMACIE CHATEAU ROUGE,"48BOULEVARDBARBES75018PARIS",0146066396
GRANDE PHARMACIE DES SPORTS,"2PLACEDUGENERALKOENIG75017PARIS",0145743110
PHARMACIE DE LA PORTE D ASNIERES,"96BOULEVARDBERTHIER75017PARIS",0147649412
PHARMACIE BAINI,"35BOULEVARDGOUVIONSAINTCYR75017PARIS",0145724752
PHARMACIE SAINTE ODILE Paris,"191RUEDECOURCELLES75017PARIS",0143804677
PHARMACIE HERBORISTE DE PARIS,"37BOULEVARDNEY75018PARIS",0146067345
PHARMACIE JAMET Paris,"106RUECAULAINCOURT75018PARIS",0146061556
PHARMACIE CUSTINE,"62RUECUSTINE75018PARIS",0146062057
PHARMACIE EUROPEENNE Paris,"13RUEDELATREMOILLE75018PARIS",0147233925
PHARMACIE BRUNET Paris,"4RUEORDENER75018PARIS",0146076853
PHARMACIE DES BATIGNOLLES Paris,"34BOULEVARDDESBATIGNOLLES75017PARIS",0145224366
PHARMACIE BESSIERES Paris,"36BOULEVARDBESSIERES75017PARIS",0146279017
PHARMACIE DE LA PLACE PEREIRE,"7PLACEDUMARECHALJUIN75017PARIS",0147633439
PHARMACIE MACQUART MOULIN,"65RUELEGENDRE75017PARIS",0146271969
PHARMACIE BLOCH NAHMIACHE,"41RUEDAUTANCOURT75017PARIS",0146273260
PHARMACIE SAINT LUC Paris,"56RUEDESDAMES75017PARIS",0143876957
PHARMACIE DE LA CROIX D OR Paris,"85RUEDECOURCELLES75017PARIS",0147635363
PHARMACIE BASSEREAU DELATER,"70RUELEGENDRE75017PARIS",0146270727
PHARMACIE DE MONCEAU,"98BOULEVARDDESBATIGNOLLES75017PARIS",0143872704
PHARMACIE MATHIEU Paris,"23RUELETORT75017PARIS",0146065759
PHARMACIE DU CASTOR,"63RUELAUGIER75017PARIS",0145723695
PHARMACIE LECLERC Paris,"29RUEPIERREDEMOURS75017PARIS",0147637149
PHARMACIE MATHIEU Paris,"79RUELEGENDRE75017PARIS",0146271287
PHARMACIE SATELLITE,"118AVENUEDEVILLIERS75017PARIS",0143808609
PHARMACIE DE LA TERRASSE Paris,"35RUEDELEVIS75017PARIS",0147632412
PHARMACIE DE LA PORTE DE ST OUEN,"133AVENUEDESAINTOUEN75017PARIS",0146275187
PHARMACIE 24,"24AVENUEMACMAHON75017PARIS",0143801196
GRANDE PHARMACIE BROCHANT,"142avenuedeClichy75017PARIS",0142632822
PHIE DE LA PLACE SAINT FERDINAND,"2RUEDUDEBARCADERE75017PARIS",0145742603
PHARMACIE LAPICZAK,"29BOULEVARDPEREIRE75017PARIS",0147638764
PHARMACIE DE PARIS Paris,"5PLDELAPORTEDECHAMPERRET75017PARIS",0145724325
PHARMACIE CASSAM,"36AVENUENIEL75017PARIS",0142670660
PHARMACIE SOUIED ET CIE,"121AVENUEDESAINTOUEN75017PARIS",0146272232
PHARMACIE FESTY,"90AVENUEDESTERNES75017PARIS",0145741743
PHARMACIE COURCELLES DEMOURS,"162RUEDECOURCELLES75017PARIS",0147636067
PHARMACIE GATTI,"5PLACEDELEVIS75017PARIS",0142274951
PHARMACIE LORRAINE Paris,"50AVENUEDEWAGRAM75017PARIS",0147633993
PHIE DE LA RUE DES BATIGNOLLES,"11RUEBRIDAINE75017PARIS",0144709899
PHIE DE LA ROTONDE PARC MONCEAU,"1RUEDEPHALSBOURG75017PARIS",0147630276
PHARMACIE DES TROIS AVENUES,"29AVENUEDESTERNES75017PARIS",0146222812
PHARMACIE SELAUDOUX,"8RUECARDINET75017PARIS",0142274581
PHARMACIE TASSEL,"99RUEDECOURCELLES75017PARIS",0147631429
PHARMACIE NAHUM,"37RUEBROCHANT75017PARIS",0146271023
PHARMACIE DES PLANTES Paris,"111RUEDECOURCELLES75017PARIS",0147635599
PHARMACIE DE LA GARE Paris,"1RUEJOUFFROYDABBANS75017PARIS",0147634899
PHARMACIE HELIOPOLIS,"131AVENUEDEVILLIERS75017PARIS",0143808746
PHARMACIE FROMENTIN,"182AVENUEDECLICHY75017PARIS",0146278836
PHARMACIE CENTRALE PEREIRE,"134BOULEVARDPEREIRE75017PARIS",0142670433
PHARMACIE DU 17EME,"80RUEDEPRONY75017PARIS",0147632155
PHARMACIE CAILLAULT Paris,"2RUEPIERREDEMOURS75017PARIS",0145746523
PHARMACIE DE COURCELLES,"106BOULEVARDDECOURCELLES75017PARIS",0147634548
PHARMACIE NOUVELLE DES BATIGNOLLES,"23RUEDESMOINES75017PARIS",0146270402
PHARMACIE PALAIS DES CONGRES,"2PLACEDELAPORTEMAILLOT75017PARIS",0140682433
PHARMACIE VANAUD,"1RUEBERZELIUS75017PARIS",0146274035
PHARMACIE DE TOCQUEVILLE,"64RUEDETOCQUEVILLE75017PARIS",0143801340
PHARMACIE 42,"42RUEDELAJONQUIERE75017PARIS",0146270603
PHARMACIE CHAMPERRET,"12AVENUESTEPHANEMALLARME75017PARIS",0143805800
PHARMACIE RUBI,"36RUELACONDAMINE75017PARIS",0145224027
PHARMACIE BOUHNIK,"120RUEDETOCQUEVILLE75017PARIS",0147637436
PHARMACIE PECHITCH,"214RUEDECOURCELLES75017PARIS",0147649387
PHARMACIE DE LA JONQUIERE,"51RUEPOUCHET75017PARIS",0140250597
PHARMACIE GUY MOQUET,"73RUEGUYMOQUET75017PARIS",0146271712
PHARMACIE GRINTAIN,"5RUELEBON75017PARIS",0145741259
PHARMACIE LA FOURCHE 17,"74AVENUEDECLICHY75017PARIS",0145227617
PHARMACIE 42,"42RUEDELAJONQUIERE75017PARIS",0146270603
PHARMACIE CHAMPERRET,"12AVENUESTEPHANEMALLARME75017PARIS",0143805800
PHARMACIE COURCELLES DEMOURS,"162RUEDECOURCELLES75017PARIS",0147636067
PHARMACIE GATTI,"5PLACEDELEVIS75017PARIS",0142274951
PHARMACIE DE LA PORTE DE ST OUEN,"133AVENUEDESAINTOUEN75017PARIS",0146275187
PHARMACIE 24,"24AVENUEMACMAHON75017PARIS",0143801196
PHARMACIE BOUHNIK,"120RUEDETOCQUEVILLE75017PARIS",0147637436
GRANDE PHARMACIE BROCHANT,"142avenuedeClichy75017PARIS",0142632822
PHARMACIE MATHIEU Paris,"79RUELEGENDRE75017PARIS",0146271287
PHARMACIE CARNOT Paris,"151BOULEVARDMALESHERBES75017PARIS",0142275040
PHARMACIE JOUFFROY,"27RUEJOUFFROYDABBANS75017PARIS",0147635680
PHARMACIE CASTAGNET,"58RUEDELAJONQUIERE75017PARIS",0146270886
PHARMACIE DE PARIS Paris,"5PLDELAPORTEDECHAMPERRET75017PARIS",0145724325
PHARMACIE CHAPTAL,"78BOULEVARDDESBATIGNOLLES75017PARIS",0143872858
PHARMACIE DE VILLIERS,"8AVENUEDEVILLIERS75017PARIS",0147633651
PHARMACIE MATHIEU Paris,"23RUELETORT75017PARIS",0146065759
PHARMACIE LECLERC Paris,"29RUEPIERREDEMOURS75017PARIS",0147637149
PHARMACIE DEBRAY,"70RUEGUYMOQUET75017PARIS",0146278452
PHARMACIE DU MARCHE PONCELET,"22RUEPONCELET75017PARIS",0142275033
PHARMACIE BERMOT ELKESLASSI,"157AVENUEDEWAGRAM75017PARIS",0147638450
PHARMACIE FOURCROY,"27RUEFOURCROY75017PARIS",0142274694
PHARMACIE DAUNY,"40RUEDUDOCTEURHEULIN75017PARIS",0142282638
PHARMACIE DE L'EGLISE Paris,"1PLACETRISTANBERNARD75017PARIS",0145741109
PHARMACIE LEGENDRE CLICHY,"96AVENUEDECLICHY75017PARIS",0146279091
PHARMACIE DES BLEUETS,"6RUEDESDAMES75017PARIS",0145224914
PHARMACIE MINEL,"123AVENUEDECLICHY75017PARIS",0146276750
GD PHARMACIE BATIGNOLLES MONCEAU,"48RUELEGENDRE75017PARIS",0147630692
PHARMACIE HOMEOPATHIQUE DE PASSY,"65RUEDEPASSY75016PARIS",0142889830
PHARMACIE CENTRALE DE PASSY,"38RUEDEPASSY75016PARIS",0142882168
PHARMACIE DU PARC DES PRINCES,"92BOULEVARDMURAT75016PARIS",0146514974
PHARMACIE DU POINT DU JOUR Paris,"182AVENUEDEVERSAILLES75016PARIS",0142884818
PHARMACIE VERSAILLES MIRABEAU,"35AVENUEDEVERSAILLES75016PARIS",0145272956
PHARMACIE DU DOCTEUR LEVY Paris,"8RUECARDINET75017PARIS",0983068382
PHARMACIE CLAY SENTIS,"40RUEDESACACIAS75017PARIS",0143801826
PHARMACIE STIOUI,"71AVENUEDEVILLIERS75017PARIS",0147637394
PHARMACIE PEREIRE WAGRAM,"42BOULEVARDPEREIRE75017PARIS",0147636860
PHARMACIE JOUVENET,"49RUECHARDONLAGACHE75016PARIS",0142883761
PHIE DE LA PORTE DE SAINT CLOUD,"122BOULEVARDMURAT75016PARIS",0142887416
PHARMACIE DU RANELAGH,"85BISRUEDURANELAGH75016PARIS",0142881389
PHARMACIE DE VERSAILLES Paris,"116AVENUEDEVERSAILLES75016PARIS",0142881997
PHARMACIE DE LA MUETTE Paris,"2AVENUEMOZART75016PARIS",0142882169
PHARMACIE DE LA PLACE CHOPIN,"1RUEDUBAN75016PARIS",0142886336
PHARMACIE PONSARD,"4CHAUSSEEDELAMUETTE75016PARIS",0142881830
PHARMACIE FONTAINE PHARMA,"35RUEJEANDELAFONTAINE75016PARIS",0145270162
PHARMACIE DE LA CROIX BLEUE Paris,"43RUEDAUTEUIL75016PARIS",0142880796
GRANDE PHARMACIE MODERNE Paris,"13RUECHERNOVIZ75016PARIS",0140506572
PHARMACIE REMUSAT,"14RUEDEREMUSAT75016PARIS",0145251850
PHARMACIE DAMBREVILLE,"101AVENUEMOZART75016PARIS",0142885333
PHARMACIE MOZART Paris,"14AVENUEMOZART75016PARIS",0145273817
PHARMACIE LAMOTHE,"167AVENUEDEVERSAILLES75016PARIS",0142883337
PHARMACIE CENTRALE D AUTEUIL,"122RUEJEANDELAFONTAINE75016PARIS",0142880486
PHARMACIE DE LA PORTE D AUTEUIL,"52RUEDAUTEUIL75016PARIS",0142882738
PHARMACIE MONTMORENCY Paris,"2040RUEDUDOCTEURBLANCHE75016PARIS",0146478290
GRANDE PHARMACIE D AUTEUIL,"4RUEPOUSSIN75016PARIS",0142880771
PHARMACIE TEYBER,"5RUEBASTIENLEPAGE75016PARIS",0142881244
PHARMACIE FRANKLIN Paris,"8RUEDEPASSY75016PARIS",0142882232
PHARMACIE JOUANNE,"2PLACEDEPASSY75016PARIS",0140509610
PHARMACIE ERLANGER,"47RUEERLANGER75016PARIS",0146515547
PHARMACIE LEPOT,"2AVENUETHEOPHILEGAUTIER75016PARIS",0142880565
PHARMACIE MICHEL ANGE Paris,"84RUEBOILEAU75016PARIS",0142884902
PHARMACIE DU VILLAGE D AUTEUIL,"42RUEDAUTEUIL75016PARIS",0142880520
PHARMACIE DE L EGLISE D AUTEUIL,"6RUEDAUTEUIL75016PARIS",0142881237
PHARMACIE EXELMANS,"77BOULEVARDEXELMANS75016PARIS",0146512392
PHARMACIE VOILLOT Paris,"7RUEDELALBONI75015PARIS",0142882034
PHARMACIE SAINT LAMBERT,"188RUELECOURBE75015PARIS",0145329542
PHARMACIE LECOURBE BLOMET,"199RUELECOURBE75015PARIS",0142500780
PHARMACIE DU METRO Paris,"138BOULEVARDDEGRENELLE75015PARIS",0145753335
PHARMACIE DU COMMERCE,"16RUEDUCOMMERCE75015PARIS",0145750390
PHARMACIE LECOURBE,"5RUELECOURBE75015PARIS",0143065132
PHARMACIE LA FONTAINE Paris,"4RUEJEANDELAFONTAINE75016PARIS",0142887951
PHARMACIE LHUILLIER,"48RUEDEBOULAINVILLIERS75016PARIS",0142882178
PHARMACIE 111,"111AVENUEVICTORHUGO75016PARIS",0145538220
PHARMACIE DE L ECOLE DE GUERRE,"57BISAVENUEDELAMOTTEPICQUET75015PARIS",0147346204
PHARMACIE VOILLOT Paris,"57RUEDEVOUILLE75015PARIS",0148284742
PHARMACIE GAUMERAIS,"59BOULEVARDLEFEBVRE75015PARIS",0148280227
PHARMACIE M SIKA,"19AVENUEFELIXFAURE75015PARIS",0145577237
PHARMACIE CROS Paris,"256RUEDEVAUGIRARD75015PARIS",0145329090
PHARMACIE 77 PICQUET GRENELLE,"77BOULEVARDDEGRENELLE75015PARIS",0147341145
PHARMACIE VOLONTAIRES,"198RUEDEVAUGIRARD75015PARIS",0147348149
GRANDE PHARMACIE BRANCION,"94BOULEVARDLEFEBVRE75015PARIS",0148283255
PHARMACIE DU MIDI Paris,"38AVENUEFELIXFAURE75015PARIS",0145541548
PHARMACIE CUGNOT,"315RUEDEVAUGIRARD75015PARIS",0148284585
PHARMACIE RIVE GAUCHE Paris,"4AVENUEEMILEZOLA75015PARIS",0145780145
PHARMACIE SEVRES LECOURBE,"1RUEERNESTRENAN75015PARIS",0145671883
PHARMACIE DE LA CONVENTION Paris,"333RUEDEVAUGIRARD75015PARIS",0148284473
PHARMACIE SEGUR,"50AVENUEDESEGUR75015PARIS",0147832575
PHARMACIE DE LA MAIRIE DU 15EME,"133RUELECOURBE75015PARIS",0148284810
PHARMACIE SUFFREN,"82AVENUEDESUFFREN75015PARIS",0145671666
PHARMACIE DE LA QUINTINIE,"44RUELAQUINTINIE75015PARIS",0142509098
PHARMACIE HADDAD JAOUDI,"242RUEDELACONVENTION75015PARIS",0140450656
PHARMACIE NECKER PASTEUR,"47BOULEVARDPASTEUR75015PARIS",0147836927
PHARMACIE DU SQUARE VIOLET,"76RUEDESENTREPRENEURS75015PARIS",0145788033
PHARMACIE MIRABEAU Paris,"7RONDPOINTDUPONTMIRABEAU75015PARIS",0145778523
PHIE DE LA GARE MONTPARNASSE,"10PLACERAOULDAUTRY75015PARIS",0143214242
GRANDE PHARMACIE DE L ARRIVEE,"6RUEDELARRIVEE75015PARIS",0145486120
PHARMACIE PORTE DE VERSAILLES,"395397RUEDEVAUGIRARD75015PARIS",0148286260
PHARMACIE CUGNOT,"315RUEDEVAUGIRARD75015PARIS",0148284585
PHARMACIE SEVRES LECOURBE,"1RUEERNESTRENAN75015PARIS",0145671883
PHARMACIE SEGUR,"50AVENUEDESEGUR75015PARIS",0147832575
PHARMACIE DU METRO Paris,"83BOULEVARDDELAVILLETTE75015PARIS",0142402997
PHARMACIE MIRABEAU Paris,"65RUEDESCEVENNES75015PARIS",0140600940
PHARMACIE BRANCION VOUILLE,"22RUEDEVOUILLE75015PARIS",0145339963
PHARMACIE DES EXPOSITIONS,"45BOULEVARDLEFEBVRE75015PARIS",0148282367
PHARMACIE ATTAL HAIK,"269RUELECOURBE75015PARIS",0145571580
PHARMACIE SVOBODA,"47BOULEVARDVICTOR75015PARIS",0145328015
PHARMACIE DARMON Paris,"64RUEDAMREMONT75015PARIS",0146060489
PHARMACIE GOLLIARD,"60RUELECOURBE75015PARIS",0147342357
PHARMACIE BEAUGRENELLE,"36BISRUEDESENTREPRENEURS75015PARIS",0145781571
PHARMACIE BALARD,"3PLACEBALARD75015PARIS",0145548271
PHARMACIE CHARLES MICHELS,"9PLACECHARLESMICHELS75015PARIS",0145780151
PHARMACIE BOUCICAUT Paris,"45AVENUEFELIXFAURE75015PARIS",0145584589
PHARMACIE DU GRAND PAVOIS,"360RUELECOURBE75015PARIS",0145547983
PHIE PRINCIPALE DES MORILLONS,"54RUEOLIVIERDESERRES75015PARIS",0148285082
PHARMACIE EMILE ZOLA Paris,"139AVENUEEMILEZOLA75015PARIS",0145753175
PHARMACIE DESNOUETTES,"1RUEDESNOUETTES75015PARIS",0148283128
PHARMACIE DANIEL Paris,"55BISRUEDELACONVENTION75015PARIS",0145775794
PHARMACIE DES CEVENNES Paris,"47RUEBALARD75015PARIS",0145579751
PHARMACIE NECKER,"38BOULEVARDDUMONTPARNASSE75015PARIS",0142223115
PHARMACIE VAUGIRARD,"245RUEDEVAUGIRARD75015PARIS",0147837888
PHARMACIE BARUC,"276RUELECOURBE75015PARIS",0145576280
PHARMACIE SAINT CHARLES Paris,"122RUESAINTCHARLES75015PARIS",0145775462
GRANDE PHARMACIE PASTEUR,"40BOULEVARDPASTEUR75015PARIS",0143209789
PHARMACIE CATANESE,"240RUEDELACROIXNIVERT75015PARIS",0148284798
PHIE CONVENTION CROIX NIVERT,"131RUEDELACONVENTION75015PARIS",0148425380
GRANDE PHARMACIE DU COMMERCE,"89RUEDUCOMMERCE75015PARIS",0148284350
PHARMACIE DANAN,"119RUECAMBRONNE75015PARIS",0145671518
PHARMACIE DARMON Paris,"134AVENUEEMILEZOLA75015PARIS",0145793070
PHARMACIE DE BIR HAKEIM,"6BOULEVARDDEGRENELLE75015PARIS",0145773330
GRANDE PHARMACIE HAHNEMANN,"347RUEDEVAUGIRARD75015PARIS",0156083080
PHARMACIE LOURMEL,"105AVENUEFELIXFAURE75015PARIS",0145574545
GRANDE PHARMACIE FALGUIERE,"6PLACEFALGUIERE75015PARIS",0145324757
PHARMACIE AUDET,"14VILLACROIXNIVERT75015PARIS",0145672141
PHARMACIE SUFFREN,"82AVENUEDESUFFREN75015PARIS",0145671666
PHARMACIE DE LA QUINTINIE,"44RUELAQUINTINIE75015PARIS",0142509098
PHARMACIE VALENTIN HAUY,"15RUEVALENTINHAUY75015PARIS",0143068184
PHARMACIE BUFFON Paris,"185RUEDEVAUGIRARD75015PARIS",0147343566
PHARMACIE DES MORILLONS,"85RUEDESMORILLONS75015PARIS",0148281737
PHARMACIE LEIBA Paris,"1719RUEDELACROIXNIVERT75015PARIS",0147347048
PHARMACIE DU FRONT DE SEINE,"PREMIERNIVEAU9RUEDUTHEATRE75015PARIS",0145791543
PHARMACIE RIVE GAUCHE Paris,"4AVENUEEMILEZOLA75015PARIS",0145780145
PHARMACIE DE L HELIPORT,"6ALLEEDESFRERESVOISIN75015PARIS",0145583745
PHARMACIE DE LA CONVENTION Paris,"333RUEDEVAUGIRARD75015PARIS",0148284473
PHARMACIE DE LA MAIRIE DU 15EME,"133RUELECOURBE75015PARIS",0148284810
PHARMACIE DE BRETEUIL,"6PLACEDEBRETEUIL75015PARIS",0147341485
PHARMACIE EDGAR QUINET Paris,"43RUEDELAMBRE75014PARIS",0143207012
GRANDE PHARMACIE DE GRENELLE,"39BOULEVARDDEGRENELLE75015PARIS",0145795319
PHARMACIE DUPLEIX,"63BOULEVARDDEGRENELLE75015PARIS",0145791851
PHARMACIE PLACE CAMBRONNE,"6PLACECAMBRONNE75015PARIS",0145671286
GRANDE PHARMACIE DU MARCHE Paris,"211RUEDELACONVENTION75015PARIS",0148286792
PHARMACIE JACQUEMINET,"2PLACEADOLPHECHERIOUX75015PARIS",0148284260
PHARMACIE CHELLY,"95RUELECOURBE75015PARIS",0147832713
PHARMACIE D ALLERAY,"48RUEPAULBARRUEL75015PARIS",0148285810
PHARMACIE LE CORRE Paris,"182RUEDELACONVENTION75015PARIS",0148284689
PHARMACIE FRANCOIS MONTEL,"HALLA156RUERAYMONDLOSSERAND75014PARIS",0145436522
PHARMACIE AZOULAY,"39RUEDIDOT75014PARIS",0145433604
PHARMACIE DE L'AVENIR Paris,"3PLACEDELAPORTEDECHATILLON75014PARIS",0145396874
PHARMACIE DU PARC Paris,"21RUEDEPOMMARD75014PARIS",0153330102
PHARMACIE RAHAINGO,"24PLACEDECATALOGNE75014PARIS",0143223353
PHARMACIE PAILLER Paris,"9799RUERAYMONDLOSSERAND75014PARIS",0145426261
PHARMACIE RC,"3RUEPOIRIERDENARCAY75014PARIS",0145397403
PHARMACIE DE L OUEST Paris,"115117RUEDELOUEST75014PARIS",0145428908
PHARMACIE SPINAZZOLA,"66RUEDIDOT75014PARIS",0145422229
PHARMACIE PETIT Paris,"161AVENUEDUMAINE75014PARIS",0145405233
PHARMACIE CENTRALE DU MAINE,"69AVENUEDUMAINE75014PARIS",0143208676
PHARMACIE SABOUREAU,"95RUEDIDOT75014PARIS",0145422057
PHARMACIE OUAZANA,"24AVENUEJEANMOULIN75014PARIS",0145420337
PHARMACIE ZERBIB Paris,"128BOULEVARDBRUNE75014PARIS",0145397372
PHARMACIE SARRETTE,"3RUESARRETTE75014PARIS",0143271757
PHARMACIE CHOUVIN TEREFEWORK,"65RUEDALESIA75014PARIS",0143229361
PHARMACIE DES SCIENCES Paris,"116BOULEVARDDUMONTPARNASSE75014PARIS",0143207006
PHARMACIE DINTON,"11RUEDAGUERRE75014PARIS",0143222052
PHIE LA PLACE DENFERT ROCHEREAU,"97AVENUEDENFERTROCHEREAU75014PARIS",0143542971
PHARMACIE PATSCHKOWSKI,"25RUEFRIANT75014PARIS",0145397184
PHARMACIE DU LION Paris,"7AVENUEDUG?N?RALLECLERC75014PARIS",0143212339
PHARMACIE SUD 14,"7AVENUEDELAPORTEDEVANVES75014PARIS",0145395191
LA GRANDE PHARMACIE D ALESIA,"79AVENUEDUGENERALLECLERC75014PARIS",0143270339
PHARMACIE ALESIA PLAISANCE,"172RUEDALESIA75014PARIS",0145431924
PHARMACIE HOMEOPATHIQUE DU MAINE,"193AVENUEDUMAINE75014PARIS",0145397272
PHARMACIE DU PARC Paris,"105RUEMANIN75014PARIS",0142065481
PHARMACIE BOUTAMI,"119AVENUEDUMAINE75014PARIS",0143223008
PHARMACIE MONTPARNASSE BIENVENUE,"43AVENUEDUMAINE75014PARIS",0143209509
PHARMACIE DEVAUX Paris,"89RUERAYMONDLOSSERAND75014PARIS",0145426250
PHARMACIE MONTPARNASSE,"3RUEDUDEPART75014PARIS",0143207022
PHARMACIE RENOIR,"203RUERAYMONDLOSSERAND75014PARIS",0145432211
PHARMACIE DES ARTS Paris,"106BOULEVARDDUMONTPARNASSE75014PARIS",0143354488
PHIE PRINCIPALE PORTE D ORLEANS,"4PLACEDU25AOUT194475014PARIS",0145422775
PHARMACIE FOURNIER Paris,"137RUEDALESIA75014PARIS",0145421324
PHARMACIE DIDOT ALESIA,"169RUEDALESIA75014PARIS",0145423493
PHARMACIE TEMSTET,"45RUERAYMONDLOSSERAND75014PARIS",0143226963
GRANDE PHARMACIE DAGUERRE,"33RUEDAGUERRE75014PARIS",0143223811
PHARMACIE RASPAIL 14EME,"282BOULEVARDRASPAIL75014PARIS",0143350271
PHARMACIE COTY ISSOIRE,"15AVENUERENECOTY75014PARIS",0143275019
PHARMACIE PLAISANCE Paris,"203RUEDALESIA75014PARIS",0145431554
PHARMACIE DE L'EUROPE Paris,"178AVENUEDUMAINE75014PARIS",0145405191
PHARMACIE FRANCOIS Paris,"5RUERAYMONDLOSSERAND75014PARIS",0143202165
PHARMACIE PORTE DIDOT,"64BOULEVARDBRUNE75014PARIS",0145395756
PHARMACIE DE LA CITE Paris,"70RUEDELAMIRALMOUCHEZ75014PARIS",0145887844
GRANDE PHARMACIE PORTE DE VANVES,"810BOULEVARDBRUNE75014PARIS",0145399346
PHARMACIE DES OLYMPIADES,"CENTRECOMMERCIALLESOLYMPIADES22RUEDUDISQUE75013PARIS",0145842009
PHARMACIE DE LA PLACE D ITALIE,"8PLACEDITALIE75013PARIS",0143312314
PHARMACIE ADELE,"61AVENUEDECHOISY75013PARIS",0145843789
PHARMACIE BERTHELIN,"23RUEDELAGLACIERE75013PARIS",0143318948
PHARMACIE DU PARC Paris,"4AVENUEREILLE75014PARIS",0145894851
PHARMACIE COHEN BETTAN,"57RUEDELOUEST75014PARIS",0143353595
PHARMACIE DE LA RIVE GAUCHE Paris,"105RUEDALESIA75014PARIS",0145426750
PHARMACIE PERRAULT KLEHR,"11RUEMARGUERIN75014PARIS",0145407284
PHARMACIE MONTBRUN,"1RUEMONTBRUN75014PARIS",0143275318
PHARMACIE NATIONALE Paris,"120RUENATIONALE75013PARIS",0145833822
PHARMACIE CTRE CIAL MASSENA 13,"13PLACEDEVENETIE75013PARIS",0144067272
PHARMACIE VINCENT AURIOL,"205BOULEVARDVINCENTAURIOL75013PARIS",0142169595
PHARMACIE DU JAVELOT,"24RUEDUJAVELOT75013PARIS",0145832568
PHARMACIE AL ADLOUNI,"2RDUDRLUCASCHAMPIONNIERE75013PARIS",0145883857
PHARMACIE BICHET Paris,"202RUEDUCHATEAUDESRENTIERS75013PARIS",0145851508
PHARMACIE REA ET COMPAGNIE,"27AVENUEDESGOBELINS75013PARIS",0147072399
PHARMACIE DE LA PORTE D ITALIE,"35RUEFERNANDWIDAL75013PARIS",0145854448
PHARMACIE LOR,"200RUEDETOLBIAC75013PARIS",0145897206
PHARMACIE MAISON BLANCHE,"160AVENUEDITALIE75013PARIS",0145883765
PHARMACIE MASSENA PORTE DE VITRY,"21BOULEVARDMASSENA75013PARIS",0145839596
PHARMACIE 110,"110BISAVENUEDITALIE75013PARIS",0145802066
PHARMACIE CENTRALE Paris,"52RUEDUCOMMERCE75013PARIS",0145797501
PHARMACIE BOBILLOT MONTSOURIS,"96RUEBOBILLOT75013PARIS",0145881213
PHARMACIE LAVAUX,"30RUEBOBILLOT75013PARIS",0145653341
PHARMACIE GARE D AUSTERLITZ,"GAREDAUSTERLITZ85QUAIDAUSTERLITZ75013PARIS",0145829029
PHARMACIE DES GOBELINS,"57AVENUEDESGOBELINS75013PARIS",0143375698
PHARMACIE DU THEATRE Paris,"42RUEDUTHEATRE75013PARIS",0145771565
PHARMACIE LAQUINTINIE,"119BOULEVARDDELHOPITAL75013PARIS",0144241495
PHARMACIE ITALIE 2,"CENTRECOMMERCIALITALIE230AVENUEDITALIE75013PARIS",0145800208
PHARMACIE NAHON FITOUSSI,"3RUEJEANNEDARC75013PARIS",0145834022
PHARMACIE TEBEKA FUKS,"137BOULEVARDDELHOPITAL75013PARIS",0145707207
PHARMACIE KELLERMANN,"71BOULEVARDKELLERMANN75013PARIS",0145882324
PHARMACIE COSCAS BOUZEMANE,"34BOULEVARDARAGO75013PARIS",0145358146
PHARMACIE DU PARC Paris,"3RUEDELAMIRALMOUCHEZ75013PARIS",0145891005
PHARMACIE LE CONG HOAI BAO,"18RUECOYPEL75013PARIS",0147070635
PHARMACIE DE LA BIBLIOTHEQUE,"19RUEOLIVIERMESSIAEN75013PARIS",0145839553
PHARMACIE ITALIE TOLBIAC,"61AVENUEDITALIE75013PARIS",0144241972
PHARMACIE THIEBAUD SERAFIN,"37BOULEVARDARAGO75013PARIS",0147071497
GRANDE PHARMACIE DU CHEVALERET,"199RUEDUCHEVALERET75013PARIS",0145848618
PHARMACIE BLANQUI,"83BOULEVARDAUGUSTEBLANQUI75013PARIS",0145804093
PHARMACIE LY KY,"117AVENUEDIVRY75013PARIS",0145708702
PHARMACIE HAMMER,"103AVENUEDITALIE75013PARIS",0145821907
PHARMACIE CENTRALE SEINE,"43RUEDETOLBIAC75013PARIS",0145835936
PHARMACIE ARAGO Paris,"6BOULEVARDARAGO75013PARIS",0143316884
PHARMACIE JEANNE D'ARC Paris,"58RUEJEANNEDARC75013PARIS",0145837847
PHARMACIE CENTRALE Paris,"75RUEDETOLBIAC75013PARIS",0144241000
PHARMACIE DES PEUPLIERS Paris,"164RUEDETOLBIAC75013PARIS",0145892642
PHARMACIE LELONG LECUYER,"53RUEDETOLBIAC75013PARIS",0145833437
PHARMACIE BALAGNY,"17BOULEVARDSAINTMARCEL75013PARIS",0143313752
PHARMACIE NAHMANI TEMSTET,"5SQUAREDUNOIS75013PARIS",0145853200
PHARMACIE DU THEATRE Paris,"69RUEDELAGLACIERE75013PARIS",0145804605
PHARMACIE NGUYEN Paris,"8RUEDUCHEFDELAVILLE75013PARIS",0144239662
PHARMACIE DE LA PORTE DE CHOISY,"34AVENUEDELAPORTEDECHOISY75013PARIS",0145856852
PHARMACIE LA BUTTE AUX CAILLES,"229RUEDETOLBIAC75013PARIS",0145897456
PHARMACIE LAMBLARDIE,"6RUELAMBLARDIE75012PARIS",0143438797
PHARMACIE VERTE DE REUILLY,"127RUEDEREUILLY75012PARIS",0143432442
PHARMACIE DE LA GARE DE LYON,"32BOULEVARDDIDEROT75012PARIS",0153338575
GRANDE PHARMACIE DAUMESNIL,"6PLACEFELIXEBOUE75012PARIS",0143431903
PHARMACIE DU CASINO Paris,"51RUEDEREUILLY75012PARIS",0143436116
PHARMACIE CHHUN - MORCHOISNE,"2AVDUDOCTEURARNOLDNETTER75012PARIS",0143077525
PHARMACIE DE LA GLACIERE Paris,"106BOULEVARDAUGUSTEBLANQUI75013PARIS",0143316210
PHARMACIE IVRY MASSENA,"50AVENUEDELAPORTEDIVRY75013PARIS",0145834042
PHARMACIE PERSICO CAUET,"5BISAVENUEDITALIE75013PARIS",0145828660
PHARMACIE BREMOND LEMMET,"294RUEDECHARENTON75012PARIS",0143073314
PHARMACIE DRAI ET SOUFFIR,"10BOULEVARDDEPICPUS75012PARIS",0143439768
PHARMACIE DU RENDEZ VOUS,"14RUEDURENDEZVOUS75012PARIS",0143438993
PHARMACIE LE GUERN GLUCKMAN,"206AVENUEDAUMESNIL75012PARIS",0143433961
PHARMACIE BADRE,"257AVENUEDAUMESNIL75012PARIS",0143435310
PHARMACIE SIRINELLI,"21RUEDEPICPUS75012PARIS",0143432112
PHARMACIE DE LA PORTE DOREE,"2PLACEEDOUARDRENARD75012PARIS",0143076481
PHARMACIE HOMEOPATHIQUE LAHYANI,"83AVENUELEDRUROLLIN75012PARIS",0143473130
PHARMACIE DU VIADUC Paris,"164RUEDECHARENTON75012PARIS",0143434083
PHARMACIE LAFORTUNE,"18RUEDALIGRE75012PARIS",0143433382
PHARMACIE DES QUATRE TEMPS,"35RUEDEREUILLY75012PARIS",0143430511
PHARMACIE PORTE DE VINCENNES,"86BOULEVARDSOULT75012PARIS",0143431368
PHARMACIE DE LA RAPEE,"24AVENUELEDRUROLLIN75012PARIS",0143430996
PHARMACIE CARRIER DANJOU,"29RUECHALIGNY75012PARIS",0143728024
PHARMACIE DU TRAIN BLEU,"21TERBOULEVARDDIDEROT75012PARIS",0143439695
PHARMACIE TORDJMAN,"14PLACELACHAMBEAUDIE75012PARIS",0143441233
PHARMACIE GAMMA,"TOURGAMMAGALERIEMARCHANDE193RUEDEBERCY75012PARIS",0143408952
PHARMACIE BARI,"94AVENUEDESAINTMANDE75012PARIS",0143077989
PHARMACIE D ALIGRE,"103RUEDECHARENTON75012PARIS",0143075585
PHARMACIE DANG,"237RUEDECHARENTON75012PARIS",0143074459
PHARMACIE SAINT ANTOINE Paris,"83RUECROZATIER75012PARIS",0143439565
PHARMACIE BOUCHER Paris,"71AVENUELEDRUROLLIN75012PARIS",0143436014
PHARMACIE FABRE D EGLANTINE,"20PLACEDELANATION75012PARIS",0143433854
PHARMACIE RALITERA,"2RUEDECAPRI75012PARIS",0143432938
PHARMACIE LANCELOT,"6RUEPARROT75012PARIS",0143074931
PHARMACIE CHATAP,"88BOULEVARDDIDEROT75012PARIS",0143438205
PHARMACIE DE BERCY,"30QUAIDELARAPEE75012PARIS",0143431948
GRANDE PHARMACIE DE BERCY,"14RUEDEWATTIGNIES75012PARIS",0143435522
PHARMACIE DU METRO MICHEL BIZOT,"252AVENUEDAUMESNIL75012PARIS",0143431786
PHARMACIE DE LA GARE TGV PARIS LYON,"GAREDEPARISLYONPLACELOUISARMAND75012PARIS",0143433215
PHARMACIE DE REUILLY,"27BOULEVARDDEREUILLY75012PARIS",0143430317
PHARMACIE BODINET,"12RUEEMILIOCASTELAR75012PARIS",0143438774
PHARMACIE DES QUINZE VINGTS,"59RUEDECHARENTON75012PARIS",0146060749
PHARMACIE DICHAMP,"1BOULEVARDDEREUILLY75012PARIS",0143435424
PHARMACIE COURTELINE,"1AVENUECOURTELINE75012PARIS",0143076701
PHARMACIE BERGERE,"80AVENUEDUDRANETTER75012PARIS",0143435307
PHARMACIE DES LIONS Paris,"11BOULEVARDDEREUILLY75012PARIS",0143075138
PHARMACIE DU FAUBOURG Paris,"123RUEDUFAUBOURGDUTEMPLE75012PARIS",0142086375
PHARMACIE VALET Paris,"71BOULEVARDDEPICPUS75012PARIS",0143436620
PHARMACIE DU FAUBOURG Paris,"238RDUFAUBOURGSAINTANTOINE75012PARIS",0143724279
PHARMACIE CENTRALE DE LYON,"43RUEDELYON75012PARIS",0143436647
PHARMACIE 58,"58AVDUGENERALMICHELBIZOT75012PARIS",0143077539
PHARMACIE MELY CAYLA,"8RUERIESENER75012PARIS",0143454734
PHARMACIE BENHAMOU Paris,"2PLACEDELANATION75012PARIS",0143434205
PHARMACIE FOREST LUTZ,"45AVENUEDESAINTMANDE75012PARIS",0143432781
PHARMACIE SEBAG Paris,"119BOULEVARDVOLTAIRE75011PARIS",0143795393
PHARMACIE PIPERNO ELKAIM,"51BISRUEDELAROQUETTE75011PARIS",0147009266
PHARMACIE DES DEUX BOULEVARDS,"84BOULEVARDRICHARDLENOIR75011PARIS",0147005133
PHARMACIE LAHRECHE,"136RUEDECHARONNE75011PARIS",0143710956
PHARMACIE GUEZ Paris,"96COURSDEVINCENNES75012PARIS",0143435510
PHARMACIE DIDEROT Paris,"52BOULEVARDDIDEROT75012PARIS",0143431784
PHARMACIE RAYNAUD-BIDOIS,"243RUEDECHARENTON75012PARIS",0143074079
GRANDE PHARMACIE DU DEPART,"4BISRUEDELYON75012PARIS",0143430046
PHARMACIE HADDAD Paris,"84AVENUEDESAINTMANDE75012PARIS",0143438152
PHARMACIE REPUBLIQUE Paris,"9AVENUEDELAREPUBLIQUE75011PARIS",0148052578
PHARMACIE FOURNEUF,"135RUEDECHARONNE75011PARIS",0143705953
PHARMACIE CENTRALE DU XIEME,"1PLACELEONBLUM75011PARIS",0143796606
PHARMACIE TRAN Paris,"52RUEDES5DIAMANTS75011PARIS",0145807637
PHARMACIE DU CHEMIN VERT Paris,"136RUEDUCHEMINVERT75011PARIS",0147007652
PHARMACIE SAINT MAUR OBERKAMPF,"102RUESAINTMAUR75011PARIS",0149238825
PHARMACIE SEBAG Paris,"26RUEDEMEAUX75011PARIS",0142062447
PHARMACIE LE BON,"52AVENUEDELAREPUBLIQUE75011PARIS",0147006216
PHARMACIE DE LA SEMEUSE,"137RDUFAUBOURGSAINTANTOINE75011PARIS",0143434053
PHARMACIE CO,"24RUEOBERKAMPF75011PARIS",0147005161
PHARMACIE BERTHELOT FOURREAU,"28RUEDUFAUBOURGDUTEMPLE75011PARIS",0148055137
PHARMACIE DESTRUEL,"215BOULEVARDVOLTAIRE75011PARIS",0143714151
PHARMACIE GONCOURT,"146AVENUEPARMENTIER75011PARIS",0143575555
GRANDE PHARMACIE SAINT MAUR,"65RUESAINTMAUR75011PARIS",0147003077
PHARMACIE DE LA PLACE Paris,"9PLACEDUGENERALBEURET75011PARIS",0148285611
PHARMACIE RICHARD LENOIR,"26BOULEVARDRICHARDLENOIR75011PARIS",0147000500
PHARMACIE CHAIBI,"97RUEJEANPIERRETIMBAUD75011PARIS",0143571534
PHARMACIE BLEUE Paris,"69BOULEVARDVOLTAIRE75011PARIS",0147001705
GRANDE PHARMACIE Paris,"113BOULEVARDVOLTAIRE75011PARIS",0143791865
PHARMACIE DES TROIS COURONNES,"98RUEJEANPIERRETIMBAUD75011PARIS",0143575803
PHARMACIE BEAUDOUIN Paris,"70RUELEONFROT75011PARIS",0143793958
PHARMACIE OURY,"16RUEDECHARONNE75011PARIS",0147009214
PHARMACIE BOUTRON Paris,"48AVENUEDELAREPUBLIQUE75011PARIS",0147005685
PHARMACIE VOLTAIRE Paris,"29BOULEVARDVOLTAIRE75011PARIS",0147004274
PHARMACIE COHEN Paris,"34BOULEVARDVOLTAIRE75011PARIS",0148050961
PHARMACIE AMAR Paris,"39RUEOBERKAMPF75011PARIS",0147004239
PHARMACIE FAIDHERBE Paris,"43RUEFAIDHERBE75011PARIS",0143714178
PHARMACIE DE LA CONFIANCE,"13RUEDELAPRESENTATION75011PARIS",0143571191
PHARMACIE COHEN SETTI,"17BISAVENUEPARMENTIER75011PARIS",0147001412
PHARMACIE CENTRALE ST ANTOINE,"191RDUFAUBOURGSAINTANTOINE75011PARIS",0143721574
PHARMACIE TROUSSEAU,"22RUETROUSSEAU75011PARIS",0147002651
PHARMACIE CELNIK,"116AVENUELEDRUROLLIN75011PARIS",0149297475
PHARMACIE OBERKAMPF,"58RUEOBERKAMPF75011PARIS",0147006502
PHARMACIE DUPUY Paris,"7RUEDES3BORNES75011PARIS",0148065178
PHARMACIE LE,"63RUEDECHARONNE75011PARIS",0143579192
PHARMACIE SPORTES,"127RUEDECHARONNE75011PARIS",0140242850
PHARMACIE MONT LOUIS,"14RUEDEMONTLOUIS75011PARIS",0143790478
PHARMACIE OPERA BASTILLE,"6BOULEVARDRICHARDLENOIR75011PARIS",0147004944
PHARMACIE DES TROIS FLEURS,"65RUEJEANPIERRETIMBAUD75011PARIS",0143571004
PHARMACIE ERBIBOU,"9BOULEVARDDEBELLEVILLE75011PARIS",0143573763
PHARMACIE DU CIRQUE D HIVER,"4BOULEVARDDUTEMPLE75011PARIS",0147002471
PHARMACIE DE LA PLACE Paris,"2RUEERARD75011PARIS",0143433205
PHARMACIE TRAN Paris,"166RUEDELAROQUETTE75011PARIS",0143796899
PHARMACIE DE LA FOLIE REGNAULT,"52RUEDELAFOLIEREGNAULT75011PARIS",0143790529
PHARMACIE DE LA PLACE Paris,"164AVENUELEDRUROLLIN75011PARIS",0143797959
PHARMACIE OPTIQUE DU MONDE,"38AVENUEPARMENTIER75011PARIS",0147004679
PHARMACIE POPINCOURT,"41RUEPOPINCOURT75011PARIS",0147005736
PHARMACIE PAUL BERT Paris,"24RUEPAULBERT75011PARIS",0143712122
PHARMACIE ROSSI,"152RUEOBERKAMPF75011PARIS",0148063322
PHARMACIE LABI,"119RUEDUCHEMINVERT75011PARIS",0147002354
PHARMACIE TRAMONI,"62RUEDEMONTREUIL75011PARIS",0143734429
PHARMACIE PARMENTIER Paris,"122RUEOBERKAMPF75011PARIS",0143573311
PHARMACIE BELMIN,"130BOULEVARDRICHARDLENOIR75011PARIS",0147008504
PHARMACIE BELDA,"46BOULEVARDBEAUMARCHAIS75011PARIS",0147003280
PHARMACIE ASSOUN,"53AVENUEDELAREPUBLIQUE75011PARIS",0143573456
PHARMACIE ALLOUCHE SEBBAG,"97AVENUELEDRUROLLIN75011PARIS",0147002420
PHARMACIE DES CLINIQUES,"97AVENUEPARMENTIER75011PARIS",0143147505
PHARMACIE VOLTAIRE DUMAS,"199BOULEVARDVOLTAIRE75011PARIS",0143710830
PHARMACIE THORAVAL Paris,"264BOULEVARDVOLTAIRE75011PARIS",0143735173
PHARMACIE ISRAEL,"81RUEDELAROQUETTE75011PARIS",0143797854
PHARMACIE BOTBOL Paris,"151RUESAINTMAUR75011PARIS",0143571839
PHARMACIE MADELENAT,"43BOULEVARDDEBELLEVILLE75011PARIS",0143571607
NATION PHARMACIE,"13PLACEDELANATION75011PARIS",0143732403
PHARMACIE DAHAN Paris,"130AVENUEPARMENTIER75011PARIS",0143573261
PHARMACIE DES FILLES DU CALVAIRE,"2BDDESFILLESDUCALVAIRE75011PARIS",0147008144
PHARMACIE 98,"98RUEDUCHEMINVERT75011PARIS",0147000309
PHARMACIE HUYNH Paris,"24RUEDELAFOLIEMERICOURT75011PARIS",0147008394
PHARMACIE DE LA PLACE Paris,"2PLACEJACQUESFROMENT75011PARIS",0146272954
PHARMACIE SAINT MAUR DESMOULINS,"26RUECAMILLEDESMOULINS75011PARIS",0143484303
PHARMACIE CAROTCHE,"180BOULEVARDVOLTAIRE75011PARIS",0143790414
PHARMACIE BARTEAU,"62AVENUEPHILIPPEAUGUSTE75011PARIS",0143701846
PHARMACIE ZAGHROUN,"18RUEDAVAL75011PARIS",0147003368
PHARMACIE DES PASSAGES Paris,"80RUEDUFAUBOURGSAINTDENIS75010PARIS",0147701303
PHARMANORD,"6RUEDEDUNKERQUE75010PARIS",0140370515
PHARMACIE BENSOUSSAN,"191RUELAFAYETTE75010PARIS",0140357581
PHARMACIE GOLDFARB Paris,"7RUEDEMAUBEUGE75010PARIS",0148786584
PHIE DE LA PORTE SAINT DENIS,"2RUEDUFAUBOURGSAINTDENIS75010PARIS",0147700670
PHARMACIE SAVIGNOL,"201RUEDUFAUBOURGSAINTDENIS75010PARIS",0146075053
PHARMACIE MOORE,"45RUEDUFAUBOURGSAINTDENIS75010PARIS",0147703487
PHARMACIE AZUR,"29BOULEVARDDEMAGENTA75010PARIS",0142082030
PHARMACIE CENTRALE DE L EST,"1012RUEDU8MAI194575010PARIS",0140365275
PHARMACIE CAIZERGUES,"96RUELAFAYETTE75010PARIS",0147704329
PHARMACIE CHATEAU D EAU,"25BISRUEDUCHATEAUDEAU75010PARIS",0142082272
PHARMACIE COHEN SOLAL,"118RUEDUFAUBOURGPOISSONNIERE75010PARIS",0148786908
PHARMACIE MARANDIN,"146RUELAFAYETTE75010PARIS",0140357364
PHARMACIE OSTROM,"62BOULEVARDDEMAGENTA75010PARIS",0146078769
PHARMACIE DE L HOPITAL ST LOUIS,"7RUEDELAGRANGEAUXBELLES75010PARIS",0142085722
PHARMACIE GAUBERT Paris,"156BOULEVARDDEMAGENTA75010PARIS",0148781923
PHARMACIE BESSON Paris,"31RUEDESAMBREETMEUSE75010PARIS",0142019734
PHARMACIE CHEVRON GUENIN,"102RUEDEMAUBEUGE75010PARIS",0148780432
PHARMACIE ERCELIK,"196RUESAINTMAUR75010PARIS",0142393100
PHARMACIE CANAL ST MARTIN,"38RUELUCIENSAMPAIX75010PARIS",0146077634
PHARMACIE COHEN TOMASINI,"137AVENUEPARMENTIER75010PARIS",0140400965
PHARMACIE CHABROL Paris,"55RUEDECHABROL75010PARIS",0147701051
PHARMACIE PARODI,"222RUEDUFAUBOURGSAINTMARTIN75010PARIS",0146073471
PHARMACIE SARFATI,"66RUEDHAUTEVILLE75010PARIS",0147702140
PHARMACIE DE LANCRY,"67RUEDELANCRY75010PARIS",0142450158
PHARMACIE CENTRALE DU NORD,"132RUELAFAYETTE75010PARIS",0147700614
PHARMACIE DE LA ROTONDE Paris,"84RUEDELAQUEDUC75010PARIS",0140364142
PHARMACIE DES 2 FAUBOURGS,"76RUEDUCHATEAUDEAU75010PARIS",0147700710
PHARMACIE CENTRALE LOUIS BLANC,"65RUELOUISBLANC75010PARIS",0146074539
PHARMACIE DE LA ROTONDE Paris,"33RUEDAMREMONT75010PARIS",0142525112
PHARMACIE DU SOLEIL Paris,"75BOULEVARDDESTRASBOURG75010PARIS",0147703156
PHARMACIE BUI CHAMPENOIS,"31BOULEVARDDELAVILLETTE75010PARIS",0142398964
PHARMACIE DE STRASBOURG,"12BOULEVARDDESTRASBOURG75010PARIS",0142083359
PHARMACIE MIMOUNI,"91RUEDUFAUBOURGDUTEMPLE75010PARIS",0142007639
PHARMACIE DE L'ECLUSE Paris,"57RUEDUFAUBOURGDUTEMPLE75010PARIS",0140400620
PHARMACIE BENILLOUCHE,"2RUEDECOMPIEGNE75010PARIS",0148780403
PHARMACIE PARIS NORD,"18RUEDEDUNKERQUE75010PARIS",0145263831
PHARMACIE DE LA SCALA Paris,"11BOULEVARDDESTRASBOURG75010PARIS",0145231214
PHARMACIE MAGENTA Paris,"2PLACEJACQUESBONSERGENT75010PARIS",0142081780
PHARMACIE LADEUIL NEVART,"205RUESAINTMAUR75010PARIS",0142085392
PHARMACIE JOURNO,"139BOULEVARDDEMAGENTA75010PARIS",0148780965
PHARMACIE SFEZ PUSSEY,"217RUELAFAYETTE75010PARIS",0146078644
PHARMACIE BONNE NOUVELLE,"12BOULEVARDDEBONNENOUVELLE75010PARIS",0147702002
PHARMACIE IDOINE,"4RUEBEAUREPAIRE75010PARIS",0140400035
PHARMACIE GOLDFARB Paris,"19BOULEVARDDEMAGENTA75010PARIS",0142081702
GD PHIE INTERNATIONALE DE PARIS,"17BISBOULEVARDDEROCHECHOUART75009PARIS",0148780301
PHARMACIE FLAK,"32RUEDUFAUBOURGMONTMARTRE75009PARIS",0147708448
PHARMACIE CANCALON,"26RUEDEROCHECHOUART75009PARIS",0148782397
PHARMACIE D ANVERS,"2AVENUETRUDAINE75009PARIS",0148785608
PHARMACIE LELLOUCHE Paris,"23BOULEVARDDELAVILLETTE75009PARIS",0142087834
GRANDE PHARMACIE DE PARIS Paris,"19RUEAUBER75009PARIS",0147420703
PHARMACIE DU COLONEL FABIEN,"65RUEDELAGRANGEAUXBELLES75010PARIS",0142081329
PHARMACIE DU SEPTENTRION,"125RUEDUFAUBOURGSAINTDENIS75010PARIS",0140357322
PHARMACIE FOUGERE,"20RUEDUFAUBOURGPOISSONNIERE75010PARIS",0140220738
PHARMACIE DES THEATRES,"1RUEFONTAINE75009PARIS",0148742910
PHARMACIE HOMEOPATHIQUE MAUBEUGE,"58RUEDEMAUBEUGE75009PARIS",0148785469
PHARMACIE DE DUNKERQUE,"51RUEDEDUNKERQUE75009PARIS",0145265841
PHARMACIE DU DOCTEUR LAFAY,"54RUEDELACHAUSSEEDANTIN75009PARIS",0148742106
PHARMACIE TOUATI Paris,"7BOULEVARDDECLICHY75009PARIS",0148784043
PHARMA ET CIE,"17RUECADET75009PARIS",0148789512
PHARMACIE SAINT GEORGES Paris,"38RUENOTREDAMEDELORETTE75009PARIS",0148780013
PHARMACIE CONDORCET Paris,"61RUEDEMAUBEUGE75009PARIS",0148787311
PHARMACIE BEDJAI AKNIN,"39RUEDECLICHY75009PARIS",0148746516
PHARMACIE CADET LAFAYETTE,"66RUELAFAYETTE75009PARIS",0147708058
PHARMACIE EUROPEENNE MERHOUM,"73RUEDECLICHY75009PARIS",0153164928
PHARMACIE ACTUELLE,"17RUEDUFAUBOURGMONTMARTRE75009PARIS",0147701187
PHARMACIE DES MARTYRS,"4RUEDESMARTYRS75009PARIS",0148782726
PHARMACIE OPERA MOGADOR,"11RUEDEMOGADOR75009PARIS",0148742201
PHARMACIE RENAUD Paris,"21BOULEVARDDEROCHECHOUART75009PARIS",0148782596
PHARMACIE DES ANTIQUAIRES Paris,"27RUEDROUOT75009PARIS",0147708789
PHARMACIE DU DELTA Paris,"84RUEDEROCHECHOUART75009PARIS",0142854020
PHARMACIE DU 8 RUE DE MAUBEUGE,"8RUEDEMAUBEUGE75009PARIS",0148788434
PHARMACIE ECALLE,"87RUELAFAYETTE75009PARIS",0148782744
PHARMACIE DE LA TRINITE Paris,"57RUEDECHATEAUDUN75009PARIS",0148741313
PHARMACIE BEDDELEEM,"40RUECONDORCET75009PARIS",0148785717
PHARMACIE FONTAINE Paris,"30RUEFONTAINE75009PARIS",0148741144
PHARMACIE RODIER,"9RUERODIER75009PARIS",0148781057
PHARMACIE DU CONSERVATOIRE,"8RUERICHER75009PARIS",0147705843
PHARMACIE BRELET Paris,"34RUELABRUYERE75009PARIS",0148748360
PHARMACIE TREGAROT,"7RUEDEROCHECHOUART75009PARIS",0148788719
PHARMACIE CAUMARTIN,"24RUEDECAUMARTIN75009PARIS",0142651028
PHARMACIE HAGGIAG,"11RUELAFAYETTE75009PARIS",0148740786
PHARMACIE MORTCHELEWICZ SAMAMA,"35RUEBLANCHE75009PARIS",0148744180
PHARMACIE STEPHAN Paris,"36RUEDESMARTYRS75009PARIS",0148781004
PHARMACIE DROUOT Paris,"19RUEDROUOT75009PARIS",0147700400
PHARMACIE SANTARELLI,"8RUELAFAYETTE75009PARIS",0142466201
PHARMACIE MIGNON Paris,"46RUEDETREVISE75009PARIS",0147708641
PHARMACIE LELLOUCHE Paris,"44RUEDEROCHECHOUART75009PARIS",0148786615
PHARMACIE PECKER,"31RUEDELAROCHEFOUCAULD75009PARIS",0148742255
PHARMACIE ROSE Paris,"34RUESAINTLAZARE75009PARIS",0148741338
PHARMACIE SAINT AUGUSTIN Paris,"61BOULEVARDMALESHERBES75008PARIS",0145221615
PHARMACIE PENCIOLELLI,"1RUEVICTORMASSE75009PARIS",0148783314
PHARMACIE DES FOLIES BERGERES,"12RUEDELABOULEROUGE75009PARIS",0147704885
PHARMACIE DU CARREFOUR Paris,"5BOULEVARDDEROCHECHOUART75009PARIS",0148784374
PHARMACIE TUBIANA,"49RUEDUFAUBOURGPOISSONNIERE75009PARIS",0147701371
PHARMACIE SAINT LAZARRE,"87RUESAINTLAZARE75009PARIS",0148741111
GRANDE PHARMACIE DE LA PLACE Paris,"5PLACEBLANCHE75009PARIS",0148747799
PHARMACIE TOUATI Paris,"85RUEDETURBIGO75009PARIS",0142721239
PHARMACIE RANDRIAMIARY,"1BISRUELALLIER75009PARIS",0148788765
PHARMACIE AMSALLEM,"1RUECLAPEYRON75008PARIS",0143875957
PHARMACIE MALESHERBES,"87BOULEVARDMALESHERBES75008PARIS",0145221874
PHARMACIE FRIEDLAND,"29AVENUEDEFRIEDLAND75008PARIS",0145611278
PHARMACIE MARBEUF FRANCOIS 1ER,"39RUEFRANCOIS1ER75008PARIS",0147208759
PHARMACIE DEVOT,"2AVENUEDEFRIEDLAND75008PARIS",0145611780
PHARMACIE ANGLAISE Paris,"62AVENUEDESCHAMPSELYSEES75008PARIS",0143592252
PHIE ROND POINT CHAMPS ELYSEES,"49BAVFRANKLINDELANOROOSEVELT75008PARIS",0143592371
PHARMACIE DU ROULE Paris,"71AVFRANKLINDELANOROOSEVELT75008PARIS",0143591746
PHARMACIE LUDERS,"39RUEDELARCADE75008PARIS",0142653593
PHARMACIE HOMEOPATHIQUE Paris,"37AVENUEDELOWENDAL75008PARIS",0145671808
PHARMACIE MATIGNON,"2RUEJEANMERMOZ75008PARIS",0143598655
PHARMACIE DES ARTS ELYSEES,"27RUEDEMIROMESNIL75008PARIS",0142652749
PHARMACIE DU PARC MONCEAU,"63RUEDECOURCELLES75008PARIS",0147664232
PHARMACIE WAGRAM,"239RUEDUFAUBOURGSAINTHONORE75008PARIS",0142672760
PHARMACIE HAUSSMANN Paris,"19BOULEVARDHAUSSMANN75008PARIS",0147708388
PHARMACIE HAUSSMANN Paris,"130BOULEVARDHAUSSMANN75008PARIS",0145221672
PHARMACIE DU ROCHER Paris,"29RUEDUROCHER75008PARIS",0145226861
PHARMACIE ELYSEES BERRI,"25RUEDEBERRI75008PARIS",0142895588
PHARMACIE DE LIEGE,"21RUEDELIEGE75008PARIS",0142820005
PHARMACIE INTERNATIONALE Paris,"5PLACEPIGALLE75008PARIS",0148783812
PHIE HOMEOPATHIQUE DE L EUROPE,"31RUEDAMSTERDAM75008PARIS",0148747491
PHARMACIE SAINT HONORE MATIGNON,"122RUEFAUBOURGSAINTHONORE75008PARIS",0145628893
PHARMACIE DES ACACIAS Paris,"15BOULEVARDDESBATIGNOLLES75008PARIS",0143873563
PHARMACIE EVANS,"46RUEPIERRECHARRON75008PARIS",0147207648
PHARMACIE BAILLY Paris,"15RUEDEROME75008PARIS",0153421010
PHARMACIE BOIRON,"64BOULEVARDMALESHERBES75008PARIS",0145221041
PHARMACIE DE GARE SAINT LAZARE,"GALERIEMARCHANDECOURDEROME75008PARIS",0143874898
PHARMACIE DE L ARC DE TRIOMPHE,"10AVENUEDEWAGRAM75008PARIS",0142271697
PHARMACIE DU DOCTEUR ATHIAS,"4951RUEDEPONTHIEU75008PARIS",0142255630
PHARMACIE DE BERRI,"48RUEDEBERRI75008PARIS",0145637067
PHARMACIE D AMSTERDAM,"21RUEDAMSTERDAM75008PARIS",0148744507
PHARMACIE LA BIENFAISANCE,"54RUEDELABIENFAISANCE75008PARIS",0145637326
PHARMACIE DE LA MADELEINE Paris,"5RUECHAUVEAULAGARDE75008PARIS",0142653975
PHIE DE LA BOETIE CHAMPS ELYSEES,"116RUELABOETIE75008PARIS",0143593550
PHARMACIE INTERNATIONALE Paris,"71RUEDUFAUBOURGSAINTHONORE75008PARIS",0142666830
PHARMACIE BAILLY Paris,"48BISAVENUEMOZART75008PARIS",0142881381
PHARMACIE ALLEGRINI,"104RUESAINTDOMINIQUE75007PARIS",0147058395
PHARMACIE LINCOLN CHAMPS ELYSEES,"71AVENUEDESCHAMPSELYSEES75008PARIS",0143596298
PHARMACIE HOMEOPATHIQUE Paris,"1AVENUEDEMESSINE75008PARIS",0145626149
PHARMACIE MODERNE Paris,"80RUEDUROCHER75008PARIS",0145226962
PHARMACIE DES MATHURINS,"51RUEDESMATHURINS75008PARIS",0142654751
PHARMACIE MIROMESNIL,"58RUEDEMIROMESNIL75008PARIS",0145221887
PHARMACIE ROGE CAVAILLES,"116BOULEVARDHAUSSMANN75008PARIS",0145227860
PHARMACIE LES CHAMPS,"84AVENUEDESCHAMPSELYSEES75008PARIS",0145620241
PHARMACIE HIBERT,"10RUEWASHINGTON75008PARIS",0145637920
PHARMACIE DOREL VALIGNY,"1PLACEDEBRETEUIL75007PARIS",0147345735
PHARMACIE BABYLONE Paris,"6RUEDEBABYLONE75007PARIS",0145485424
PHARMACIE MONTEUX,"40RUEDEBELLECHASSE75007PARIS",0145517844
PHARMACIE SAINT DOMINIQUE Paris,"88RUESAINTDOMINIQUE75007PARIS",0147055854
PHARMACIE DES INVALIDES,"25BOULEVARDDELATOURMAUBOURG75007PARIS",0147054377
PHARMACIE BAC VERNEUIL,"19RUEDUBAC75007PARIS",0142612762
PHARMACIE COTINAT,"151RUEDEGRENELLE75007PARIS",0147054485
PHARMACIE EDEL,"7RUEDEBOURGOGNE75007PARIS",0145515441
PHARMACIE DRON,"25RUEVANEAU75007PARIS",0145514023
PHARMACIE DE L AVENUE RAPP,"23AVENUERAPP75007PARIS",0147054125
PHARMACIE D ORSAY,"6RUEDEBELLECHASSE75007PARIS",0145516516
PHARMACIE CLER,"35RUECLER75007PARIS",0145513611
PHARMACIE TAIEB Paris,"60AVENUEDEFLANDRE75007PARIS",0140362552
GRANDE PHARMACIE DU PROGRES Paris,"49AVENUEBOSQUET75007PARIS",0145513591
PHARMACIE DE L'AVENUE Paris,"29AVENUEDUGENERALLECLERC75007PARIS",0143212585
PHARMACIE SALA,"223BOULEVARDSAINTGERMAIN75007PARIS",0145482086
PHARMACIE MESNARD Paris,"42AVENUEDEBRETEUIL75007PARIS",0147835982
PHARMACIE DU SEPTIEME,"18BISAVENUEDELAMOTTEPICQUET75007PARIS",0145513182
PHARMACIE DE L'AVENUE Paris,"57AVENUEDESUFFREN75007PARIS",0147345007
PHARMACIE DE LA TOUR EIFFEL,"24RUEDEMONTTESSUY75007PARIS",0147051259
PHARMACIE DE VERNEUIL,"RUEDEVERNEUIL75007PARIS",0142612714
PHARMACIE DE VARENNE,"87RUEDUBAC75007PARIS",0145488077
PHARMACIE BAC MONTALEMBERT,"41RUEDUBAC75007PARIS",0145488142
PHARMACIE DU CHAMPS DE MARS Paris,"124RUESAINTDOMINIQUE75007PARIS",0147054930
PHARMACIE BOURGOGNE GRENELLE,"37RUEDEBOURGOGNE75007PARIS",0145517052
PHARMACIE BONNEL,"23AVENUEDELAMOTTEPICQUET75007PARIS",0147054061
PHARMACIE DE SAXE,"2RUELEONVAUDOYER75007PARIS",0147348051
PHARMACIE TAIEB Paris,"9BOULEVARDRASPAIL75007PARIS",0145485289
PHARMACIE BAC GRENELLE,"67RUEDEGRENELLE75007PARIS",0145487270
PHARMACIE DE L'AVENUE Paris,"76AVENUEDITALIE75007PARIS",0145809534
PHARMACIE BAC SAINT GERMAIN,"70RUEDUBAC75007PARIS",0145489974
PHARMACIE LAFRAGETTE,"76RUEDESEVRES75007PARIS",0147347601
PHARMACIE BOSQUET Paris,"46AVENUEBOSQUET75007PARIS",0147059113
PHARMACIE PERON Paris,"114RUESAINTDOMINIQUE75007PARIS",0147054580
PHARMACIE DE L'ECOLE MILITAIRE Paris,"26AVENUEDETOURVILLE75007PARIS",0147055538
PHARMACIE BEUSCHER,"75RUESAINTDOMINIQUE75007PARIS",0145516367
PHARMACIE DANA,"19RUEDESEVRES75006PARIS",0145483255
PHARMACIE BOUBERT,"48RUEJACOB75006PARIS",0142602737
PHIE CENTRALE DU CHERCHE MIDI,"57RUEDUCHERCHEMIDI75006PARIS",0145481276
PHARMACIE DE L EPOQUE,"49RUEDUFOUR75006PARIS",0145485358
PHARMACIE BADER Paris,"1012BOULEVARDSAINTMICHEL75006PARIS",0143269266
PHARMACIE VO NGUYEN,"35BOULEVARDDUMONTPARNASSE75006PARIS",0142228462
PHARMACIE DE L INSTITUT Paris,"28RUEDESEINE75006PARIS",0143269826
PHARMACIE SAINT GERMAIN ODEON,"114BOULEVARDSAINTGERMAIN75006PARIS",0143264609
PHARMACIE VANEAU BABYLONE,"40RUEVANEAU75007PARIS",0147050813
PHARMACIE ZAGORSKI,"6RUEJACOB75006PARIS",0143269969
PHARMACIE SEVRES VANEAU,"109RUEDESEVRES75006PARIS",0145484558
PHARMACIE D ASSAS Paris,"46RUEDASSAS75006PARIS",0145481951
PHARMACIE CANILLAC,"122RUEDUCHERCHEMIDI75006PARIS",0147348888
PHARMACIE SAINT GERMAIN DES PRES,"45RUEBONAPARTE75006PARIS",0143265292
PHARMACIE DE SEVRES,"119RUEDESEVRES75006PARIS",0147343664
PHARMACIE AUTISSIER Paris,"56RUEDUCHERCHEMIDI75006PARIS",0142222639
PHARMACIE DU PALAIS Paris,"33RUEDEVAUGIRARD75006PARIS",0145482301
PHARMACIE DE L ODEON,"97BOULEVARDSAINTGERMAIN75006PARIS",0143260716
PHARMACIE DELPECH Paris,"5RUEDANTON75006PARIS",0143259393
PHARMACIE DAUPHINE,"57RUEDAUPHINE75006PARIS",0143269406
PHARMACIE SAINT ANDRE DES ARTS,"44RUESAINTANDREDESARTS75006PARIS",0143264824
PHARMACIE SAINTE PLACIDE,"143145RUEDERENNES75006PARIS",0145489725
PHARMACIE STANISLAS Paris,"7RUENOTREDAMEDESCHAMPS75006PARIS",0145488641
PHARMACIE VAVIN,"18RUEVAVIN75006PARIS",0143267007
PHARMACIE DE L INSTITUT Paris,"60RUEDUTOT75006PARIS",0147349977
PHARMACIE SAINT PLACIDE,"58RUESAINTPLACIDE75006PARIS",0145484043
PHARMACIE LA PETITE,"60RUEDESEINE75006PARIS",0143268923
PHARMACIE DES ARENES Paris,"30RUEMONGE75005PARIS",0143547342
PHARMACIE CUVIER Paris,"1RUELINNE75005PARIS",0147071286
PHARMACIE SAINT JACQUES Paris,"243RUESAINTJACQUES75005PARIS",0143542579
PHARMACIE DE L'OLIVIER Paris,"44RUEDUFAUBOURGDUTEMPLE75005PARIS",0143575579
PHARMACIE DU SENAT,"42RUEMONSIEURLEPRINCE75006PARIS",0143260350
PHIE NORMALE DE LA RIVE GAUCHE,"105RUEDERENNES75006PARIS",0145488076
PHARMACIE FALDINI,"8RUEDUFOUR75006PARIS",0143260925
PHARMACIE CITY PHARMA,"26RUEDUFOUR75006PARIS",0146332081
PHARMACIE RASPAIL 131,"131BOULEVARDRASPAIL75006PARIS",0145483453
PHARMACIE BARTHELET LE DANTEC,"54BOULEVARDSAINTMARCEL75005PARIS",0143315454
PHARMACIE DELOBEL,"89RUEMOUFFETARD75005PARIS",0143314144
PHARMACIE FOURNEL Paris,"169171RUESAINTJACQUES75005PARIS",0143542111
PHARMACIE ST MEDARD,"146RUEMOUFFETARD75005PARIS",0143312884
PHARMACIE VAL DE GRACE,"6PLACEALPHONSELAVERAN75005PARIS",0143265650
PHARMACIE CLAUDE BERNARD,"72RUECLAUDEBERNARD75005PARIS",0143311420
PHARMACIE DU LUXEMBOURG,"127BOULEVARDSAINTMICHEL75005PARIS",0143540659
PHARMACIE RER PORT ROYAL,"100BOULEVARDDEPORTROYAL75005PARIS",0143540970
PHARMACIE NORMALE DU CLUNY,"33RUESAINTJACQUES75005PARIS",0143549826
PHARMACIE CAZAL,"7RDELAMONTAGNESTEGENEVIEVE75005PARIS",0143540912
PHARMACIE RIDOUX,"112RUEMOUFFETARD75005PARIS",0147073204
PHARMACIE 5,"20RUEDESECOLES75005PARIS",0143268084
PHARMACIE DES DEUX RIVES Paris,"17BOULEVARDSAINTGERMAIN75005PARIS",0143547214
PHARMACIE SOUFFLOT,"17RUESOUFFLOT75005PARIS",0143545667
PHARMACIE DE L'OLIVIER Paris,"65RUEMONGE75005PARIS",0143314796
PHARMACIE JOURDAN Paris,"109BOULEVARDJOURDAN75005PARIS",0145407853
PHIE LAXAN GUENON DES MESNARDS,"96RUEMONGE75005PARIS",0143317290
PHARMACIE LHOPITALIER,"3RUESOUFFLOT75005PARIS",0143543633
PHARMACIE DES BERNARDINS,"50BOULEVARDSAINTGERMAIN75005PARIS",0143544821
PHARMACIE HA CAM,"80BOULEVARDDEPORTROYAL75005PARIS",0146331120
PHARMACIE JARDIN DES PLANTES,"28BOULEVARDDELHOPITAL75005PARIS",0143315064
PHARMACIE JOURDAN Paris,"12RUELINNE75005PARIS",0143314090
PHARMACIE HADJ AHMED,"51RUEGAYLUSSAC75005PARIS",0143542006
PHARMACIE PERILLEUX,"38RUEGAYLUSSAC75005PARIS",0143293226
PHARMACIE SAINT MICHEL Paris,"71BOULEVARDSAINTMICHEL75005PARIS",0143541436
PHARMACIE SAINT MARCEL Paris,"76BOULEVARDSAINTMARCEL75005PARIS",0143312060
PHARMACIE LAM Paris,"8BOULEVARDSAINTMARCEL75005PARIS",0143317279
PHARMACIE DES FACULTES Paris,"11RUEGAYLUSSAC75005PARIS",0143540789
PHARMACIE DUCELLIER,"50RUEDESCARTES75005PARIS",0143541110
PHARMACIE MURAZ,"2RUECLAUDEBERNARD75005PARIS",0143310699
PHARMACIE LEROY Paris,"4BOULEVARDDEPORTROYAL75005PARIS",0147072134
PHARMACIE NOTRE DAME Paris,"11RUELAGRANGE75005PARIS",0143542077
PHARMACIE DE LA MATERNITE Paris,"86BOULEVARDDEPORTROYAL75005PARIS",0143540485
PHARMACIE ST HILAIRE,"1822RUEGEOFFROYSAINTHILAIRE75005PARIS",0147070868
PHARMACIE DE LA CONTRESCARPE,"49RUELACEPEDE75005PARIS",0147070197
PHARMACIE SAINT JACQUES Paris,"127BOULEVARDAUGUSTEBLANQUI75005PARIS",0145652121
PHARMACIE SEVIGNE,"11RUEDESFRANCSBOURGEOIS75004PARIS",0142729722
PHARMACIE DES ARCHIVES,"2RUEDESARCHIVES75004PARIS",0142784556
PHARMACIE HENRI IV Paris,"27BOULEVARDHENRIIV75004PARIS",0148877447
PHARMACIE DU CENTRE POMPIDOU,"20RUEBEAUBOURG75004PARIS",0142729600
PHARMACIE PREMIERE Paris,"24BOULEVARDDESEBASTOPOL75004PARIS",0148876230
PHARMACIE VILLEMONT Paris,"58BOULEVARDDEPORTROYAL75005PARIS",0143315750
PHARMACIE DE LA SORBONNE,"49RUEDESECOLES75005PARIS",0143542610
PHARMACIE MONGE,"74RUEMONGE75005PARIS",0143313944
PHARMACIE CENTRALE DES ECOLES,"6RUEDESECOLES75005PARIS",0143268240
PHARMACIE DE LA TOUR Paris,"72RUEDELATOUR75004PARIS",0145030453
PHARMACIE SAINT PAUL Paris,"71RUESAINTANTOINE75004PARIS",0148877955
PHARMACIE RAMBUTEAU,"1RUERAMBUTEAU75004PARIS",0142727559
PHARMACIE LECLERY,"26RUEDUPONTLOUISPHILIPPE75004PARIS",0142720203
PHARMACIE BATTINO BORGEL,"21RUESAINTANTOINE75004PARIS",0142720475
PHARMACIE RIVOLI,"2RUETIRON75004PARIS",0148876185
PHARMACIE DU TEMPLE Paris,"43RUEDUTEMPLE75004PARIS",0142724023
PHARMACIE DE LA TOUR Paris,"18RUESAINTMARTIN75004PARIS",0148877470
PHIE CENTRALE DE L ILE ST LOUIS,"14RUEDESDEUXPONTS75004PARIS",0143544528
PHARMACIE DU TEMPLE Paris,"17BOULEVARDDUTEMPLE75004PARIS",0142785405
PHARMACIE DES HALLES Paris,"10BOULEVARDDESEBASTOPOL75004PARIS",0142720323
MA PHARMACIE Paris,"1RUEDESTOURNELLES75004PARIS",0142726743
PHARMACIE DE LA MAIRIE DE PARIS,"9RUEDESARCHIVES75004PARIS",0142785358
PHARMACIE BENAD,"30RUEVIEILLEDUTEMPLE75004PARIS",0148877637
PHARMACIE DE L'HOTEL DE VILLE Paris,"4RUEDUBOURGTIBOURG75004PARIS",0148876092
PHIE CENTRALE DE LA BASTILLE,"3BOULEVARDBEAUMARCHAIS75004PARIS",0142723831
PHARMACIE DU TEMPLE Paris,"143RUEDUTEMPLE75004PARIS",0142784227
PHARMACIE ILE SAINT LOUIS,"8RUEJEANDUBELLAY75004PARIS",0143543909
PHARMACIE BEAUBOURG,"54RUERAMBUTEAU75003PARIS",0148877819
PHARMACIE DE BRETAGNE Paris,"10RUEDEBRETAGNE75003PARIS",0142784331
PHARMACIE MEYER POINSOT,"37RUEDETURENNE75003PARIS",0148879760
PHARMACIE MIMOUN BAROUKH,"79RUEDUGRENIERSAINTLAZARE75003PARIS",0142722444
PHARMACIE SAINT GILLES Paris,"50RUEDETURENNE75003PARIS",0140270621
PHARMACIE DES ARTS ET METIERS,"98RUEBEAUBOURG75003PARIS",0148879835
PHARMACIE BEAUMARCHAIS,"91BOULEVARDBEAUMARCHAIS75003PARIS",0142786299
PHARMACIE RASPAIL Paris,"20RUERAMBUTEAU75003PARIS",0142720755
PHARMACIE DU MARAIS Paris,"119RUESAINTANTOINE75004PARIS",0142722044
PHARMACIE DE LA REPUBLIQUE Paris,"5PLACEDELAREPUBLIQUE75003PARIS",0147001808
PHARMACIE CANONNE Paris,"88BOULEVARDDESEBASTOPOL75003PARIS",0142775757
PHARMACIE DE FRANCE Paris,"111RUEDETURENNE75003PARIS",0142784885
PHARMACIE BUENAVIDA Paris 75,"100BOULEVARDDESEBASTOPOL75003PARIS",0142721216
GRANDE PHARMACIE DE TURENNE,"95RUEDETURENNE75003PARIS",0142784263
PHARMACIE DES FRANCS BOURGEOIS,"36RUEDESFRANCSBOURGEOIS75003PARIS",0148879059
PHARMACIE CHARRET,"47RUEDEBRETAGNE75003PARIS",0142723300
PHARMACIE CROIX DE MALTE,"53BOULEVARDSAINTMARTIN75003PARIS",0142722903
PHARMACIE CROULARD,"191RUEDUTEMPLE75003PARIS",0142726797
PHARMACIE BOURSE SENTIER,"100RUEMONTMARTRE75002PARIS",0142361667
PHARMACIE DU SENTIER,"247RUESAINTDENIS75002PARIS",0142367192
PHARMACIE CALAS,"26RUEDESPETITSCHAMPS75002PARIS",0142968999
PHARMACIE FOULOUNOUX,"160RUESAINTDENIS75002PARIS",0142331911
PHARMACIE DES CAPUCINES Paris,"8RUEDESCAPUCINES75002PARIS",0142610307
PHARMACIE OPERA CASANOVA,"6RUEDANIELLECASANOVA75002PARIS",0142614893
PHARMACIE ROSSI NAHON,"22RUEDETURBIGO75002PARIS",0142369518
PHARMACIE MUTUALISTE Paris,"1RUEDEPALESTRO75002PARIS",0173173850
PHARMACIE DU GLOBE Paris,"19BOULEVARDDEBONNENOUVELLE75002PARIS",0145081536
PHIE INTERNATIONALE CENTRALE,"143RUESAINTDENIS75002PARIS",0145085108
PHARMACIE DE LA POSTE Paris,"44RUEMONTMARTRE75002PARIS",0142361219
PHARMACIE MONTORGUEIL,"67RUEMONTORGUEIL75002PARIS",0142368100
PHARMACIE DE CHOISEUL,"23RUEDECHOISEUL75002PARIS",0147426732
PHARMACIE MONSIGNY,"10RUEMONSIGNY75002PARIS",0142962634
PHARMACIE DE LA PAIX Paris,"24RUEDELAPAIX75002PARIS",0147425625
PHARMACIE DES GRANDS BOULEVARDS Paris,"178RUEMONTMARTRE75002PARIS",0142332396
PHARMACIE DE LA POSTE Paris,"60RUEDELACROIXNIVERT75002PARIS",0148283114
PHARMACIE MODERNE DE PARIS,"7RUEDESPETITSCARREAUX75002PARIS",0145085316
PHARMACIE DU 1ER,"55RUEDESPETITSCHAMPS75001PARIS",0142965964
PHARMACIE GRIGNON,"2RUEDUPHOT75001PARIS",0142600050
PHARMACIE GAIDOZ,"12RUECHEVALIERSAINTGEORGES75001PARIS",0142608614
PHARMACIE DES PETITS CHAMPS,"21RUEDESPETITSCHAMPS75001PARIS",0142969720
PHARMACIE DES PYRAMIDES,"9RUEDESPYRAMIDES75001PARIS",0142604256
PHARMACIE DU MARCHE SAINT HONORE,"7RUEDUMARCHESAINTHONORE75001PARIS",0142610049
PHARMACIE SAINT EUSTACHE,"23RUEMONTORGUEIL75001PARIS",0142362426
PHARMACIE DE LA MICHODIERE,"16RUEDELAMICHODIERE75002PARIS",0147425844
PHARMACIE DE LA POSTE Paris,"28RUEDUTELEGRAPHE75002PARIS",0146367303
